respuesta;alias;nivel;reproducciones_spotify
Here Comes the Sun;;1;1943310567
Let It Be;;1;1119333417
Come Together;;1;1025778146
Hey Jude;;1;1021752269
Yesterday;;1;897762861
Blackbird;;1;730223721
Twist and Shout;;1;722894750
In My Life;;1;657903018
I Want to Hold Your Hand;;1;563963771
Something;;1;557037166
Eleanor Rigby;;1;497037324
Help!;;1;454843072
While My Guitar Gently Weeps;;2;417169612
Ob-La-Di, Ob-La-Da;;2;376496393
And I Love Her;;2;366934863
Don't Let Me Down;;2;344492922
Love Me Do;;2;329082361
Strawberry Fields Forever;;2;327482532
Get Back;;2;303861617
A Hard Day's Night;;2;298414281
Norwegian Wood;;2;295493529
All You Need Is Love;;2;293063595
Lucy in the Sky with Diamonds;;2;284272794
All My Loving;;2;267449885
Yellow Submarine;;2;266045125
Penny Lane;;2;255754252
Oh! Darling;;2;247582482
I Saw Her Standing There;;2;241785290
Can't Buy Me Love;;2;232205580
Day Tripper;;2;227189297
Ticket to Ride;;2;221540035
She Loves You;;2;219508568
Across the Universe;;2;219462023
With a Little Help from My Friends;;2;213235279
A Day in the Life;;2;212002157
Michelle;;3;207960301
Sgt. Pepper's Lonely Hearts Club Band;;3;201264124
Eight Days a Week;;3;189770343
The Long and Winding Road;;3;189366443
Hello, Goodbye;;3;184885916
Golden Slumbers;;3;183928071
I Will;;3;182973121
Here, There and Everywhere;;3;181070658
You've Got to Hide Your Love Away;;3;176761563
Back in the U.S.S.R.;;3;171958137
Octopus's Garden;;3;165584902
Drive My Car;;3;154677536
We Can Work It Out;;3;154009079
Revolution;;3;146291182
Nowhere Man;;3;142137611
When I'm Sixty-Four;;3;140186144
I Am the Walrus;;3;137493001
Girl;;3;129602155
Do You Want to Know a Secret;;3;129490914
I Feel Fine;;3;128908778
If I Fell;;3;128532761
For No One;;3;127147332
I Want You;;3;124140356
Till There Was You;;3;118224660
Helter Skelter;;3;110466490
Dear Prudence;;3;101225500
Lady Madonna;;3;97132924
I've Just Seen a Face;;3;96727882
Paperback Writer;;3;96160568
She's Leaving Home;;3;95518993
I'll Follow the Sun;;3;95249975
Carry That Weight;;3;91724894
Because;;3;86725483
Please Please Me;;3;86695832
I'm Only Sleeping;;3;86374451
Taxman;;3;83845861
Got to Get You into My Life;;3;83459642
From Me to You;;3;81108371
Maxwell's Silver Hammer;;3;80994396
You Never Give Me Your Money;;3;80080938
Happiness Is a Warm Gun;;3;78530076
I Should Have Known Better;;3;76427883
Two of Us;;3;74313973
Getting Better;;3;73219171
She Came In Through the Bathroom Window;;3;71654046
The Ballad of John and Yoko;;4;70264369
The End;;4;70101489
Rocky Raccoon;;4;69773338
I'm Looking Through You;;4;68823982
The Fool on the Hill;;4;68776547
Good Day Sunshine;;4;67726813
I've Got a Feeling;;4;65530270
Tomorrow Never Knows;;4;65329704
And Your Bird Can Sing;;4;63642752
Sun King;;4;60785255
Within You Without You;;4;60461060
Fixing a Hole;;4;59788174
Anna;;4;58826563
You Won't See Me;;4;55510606
Glass Onion;;4;55385353
I'm So Tired;;4;54983093
Mean Mr. Mustard;;4;54062544
Julia;;4;53760947
You're Going to Lose That Girl;;4;52525305
Polythene Pam;;4;51745671
Roll Over Beethoven;;4;51402248
I Me Mine;;4;50772012
I'm Happy Just to Dance with You;;4;48700525
Baby It's You;;4;48624923
You Really Got a Hold on Me;;4;48392268
Baby, You're a Rich Man;;4;47975905
The Night Before;;4;47461777
Things We Said Today;;4;47385995
Martha My Dear;;4;47252699
No Reply;;4;46089537
Lovely Rita;;4;44635003
Run for Your Life;;4;43996606
Hey Bulldog;;4;42687151
Dig a Pony;;4;42505253
It Won't Be Long;;4;42112798
Being for the Benefit of Mr. Kite!;;4;41929873
She Said She Said;;4;41891784
Birthday;;4;41378633
All I've Got to Do;;4;41350150
Your Mother Should Know;;4;40954495
Magical Mystery Tour;;4;39911055
Mother Nature's Son;;4;37790859
Love You To;;4;37376434
I Need You;;4;35863406
Don't Bother Me;;4;35643420
One After 909;;4;35028534
Sexy Sadie;;4;34369717
Think for Yourself;;4;34027896
This Boy;;4;33883909
If I Needed Someone;;4;33413165
The Continuing Story of Bungalow Bill;;4;32416940
For You Blue;;4;30836367
Yer Blues;;4;30749124
It's Only Love;;4;30180222
Revolution 1;;4;30025096
Wait;;4;28880513
Good Morning Good Morning;;4;28783928
Boys;;4;28441984
Why Don't We Do It in the Road?;;4;28304164
Don't Pass Me By;;4;27868627
The Word;;5;27773002
Rock and Roll Music;;5;27170708
Piggies;;5;26791385
I Want to Tell You;;5;26780303
P.S. I Love You;;5;26383423
Honey Pie;;5;26148893
Wild Honey Pie;;5;25759821
Doctor Robert;;5;25683155
Long, Long, Long;;5;25431175
What Goes On;;5;24467019
Good Night;;5;24216793
Misery;;5;24153108
Maggie Mae;;5;23856213
Everybody's Got Something to Hide Except Me and My Monkey;;5;23795083
Cry Baby Cry;;5;23763760
You Can't Do That;;5;23622045
Flying;;5;23101792
Blue Jay Way;;5;23001979
I'll Be Back;;5;21082286
Rain;;5;20922352
Ask Me Why;;5;20680773
All Together Now;;5;20363385
Savoy Truffle;;5;19811068
Another Girl;;5;19727673
Dig It;;5;19308338
Dizzy Miss Lizzy;;5;19079708
Tell Me Why;;5;18827027
Act Naturally;;5;18584401
Any Time at All;;5;18191765
Money;;5;17461778
Baby's in Black;;5;16821520
There's a Place;;5;16818634
Hold Me Tight;;5;16473656
A Taste of Honey;;5;16425256
I'm a Loser;;5;16399264
Words of Love;;5;16304026
Revolution 9;;5;15979605
You Like Me Too Much;;5;15550171
I Wanna Be Your Man;;5;15351888
Chains;;5;14817129
Devil in Her Heart;;5;14595436
She's a Woman;;5;14287886
Tell Me What You See;;5;14284244
Not a Second Time;;5;13444980
Mr. Moonlight;;5;12964708
Old Brown Shoe;;5;12780745
It's All Too Much;;5;12558650
I'll Cry Instead;;5;12521049
Everybody's Trying to Be My Baby;;5;12141793
Kansas City/Hey-Hey-Hey-Hey!;;5;11888026
Every Little Thing;;5;11636318
Only a Northern Song;;5;11502432
Yes It Is;;5;11103695
Long Tall Sally;;5;10708525
When I Get Home;;5;10598276
What You're Doing;;5;10385477
I Don't Want to Spoil the Party;;5;9530098
Her Majesty;;5;9281905
Little Child;;5;9274618
Honey Don't;;5;8964043
I'm Down;;5;8707359
Komm, gib mir deine Hand;;5;6896460
I'll Get You;;5;5212924
I Call Your Name;;5;4900862
You Know My Name;;5;4837356
Thank You Girl;;5;4791735
The Inner Light;;5;4743908
Bad Boy;;5;3807090
Slow Down;;5;3574326
Sie liebt dich;;5;2901637
Matchbox;;5;2713584
Please Mr. Postman;;5;0
