respuesta;alias;nivel;universidades_que_lo_ofrecen
Administración y Dirección de Empresas;ADE|Empresariales|Administración de Empresas|Dirección de Empresas|Business;1;84
Derecho;;1;84
Psicología;;1;74
Enfermería;;1;72
Ingeniería Informática;Informática|Ingeniería de Software;1;69
Fisioterapia;;1;68
Ciencias de la Actividad Física y del Deporte;INEF|CAFD|CAFYD|Educación Física|Ciencias del Deporte;1;63
Medicina;;1;60
Educación Primaria;Magisterio|Magisterio de Primaria|Maestro|Profesor de Primaria|Primaria;1;59
Economía;;1;49
Comunicación Audiovisual;Audiovisuales;1;48
Nutrición Humana y Dietética;Nutrición|Dietética;1;46
Ingeniería Mecánica;Mecánica;2;44
Educación Social;;2;43
Educación Infantil;Magisterio de Infantil|Infantil;2;41
Turismo;;2;40
Historia;;2;39
Química;;2;39
Biotecnología;;2;38
Periodismo;;2;38
Trabajo Social;;2;38
Relaciones Laborales y Recursos Humanos;Relaciones Laborales|Recursos Humanos|RRHH|Graduado Social;2;37
Criminología;;2;35
Matemáticas;;2;35
Ingeniería Electrónica Industrial y Automática;Ingeniería Electrónica|Electrónica;2;34
Ingeniería Biomédica;Biomédica;2;32
Odontología;;2;32
Relaciones Internacionales;;2;32
Ciencias Ambientales;Ambientales|Medio Ambiente;2;31
Física;;2;31
Biología;;2;30
Ingeniería Eléctrica;Electricidad;2;30
Ingeniería Química;;2;30
Estudios Ingleses;Filología Inglesa|Inglés;2;28
Ingeniería en Tecnologías Industriales;Ingeniería Industrial|Industriales;2;28
Publicidad y Relaciones Públicas;Publicidad;2;28
Filosofía;;2;27
Historia del Arte;Arte;2;26
Marketing;;2;26
Pedagogía;;2;26
Logopedia;;2;25
Ingeniería Civil;Caminos|Ingeniería de Caminos|Ingeniería de Caminos, Canales y Puertos;2;24
Traducción e Interpretación;Traducción;2;23
Ingeniería de Tecnologías de Telecomunicación;Teleco|Telecomunicaciones|Ingeniería de Telecomunicaciones|Ingeniería de Telecomunicación;2;22
Bellas Artes;;2;18
Sociología;;2;17
Fundamentos de la Arquitectura;Arquitectura;2;16
Veterinaria;;2;16
Filología Hispánica;Filología|Lengua y Literatura;2;15
Farmacia;;2;13
Ingeniería Aeroespacial;Aeronáutica|Ingeniería Aeronáutica|Aeroespacial;2;12
Ciencias Políticas y de la Administración;Ciencias Políticas|Políticas;2;4
Ingeniería de Organización Industrial;;3;24
Terapia Ocupacional;;3;24
Ciencia y Tecnología de los Alimentos;Tecnología de los Alimentos;3;22
Finanzas y Contabilidad;Finanzas|Contabilidad;3;18
Podología;;3;16
Humanidades;;3;15
Bioquímica;;3;14
Ingeniería en Diseño Industrial y Desarrollo de Producto;Diseño Industrial;3;14
Inteligencia Artificial;;3;13
Geografía y Ordenación del Territorio;Geografía;3;12
Gestión y Administración Pública;Administración Pública;3;12
Óptica y Optometría;Óptica|Optometría;3;12
Antropología Social y Cultural;Antropología;3;11
Diseño;;3;11
Filología Clásica;;3;11
Geología;;3;11
Ingeniería de Sistemas de Telecomunicación;;3;11
Ingeniería Química Industrial;;3;11
Biomedicina;;3;10
Estudios de Arquitectura;;3;10
Filosofía, Política y Economía;;3;10
Ingeniería de la Energía;;3;10
Ingeniería Telemática;;3;10
Economía y Negocios Internacionales;ENI;3;1
Arquitectura Técnica;Aparejadores|Aparejador;4;9
Ciencia e Ingeniería de Datos;Ciencia de Datos|Data Science|Big Data;4;9
Ingeniería Forestal y del Medio Natural;Montes|Ingeniería de Montes|Forestales;4;9
Estadística;;4;8
Ingeniería Electrónica Industrial;;4;8
Ingeniería Matemática;;4;8
Marketing e Investigación de Mercados;;4;8
Ciencias Biomédicas;;4;7
Ciencias del Mar;;4;7
Diseño de Moda;Moda;4;7
Diseño y Desarrollo de Videojuegos;;4;7
Enología;;4;7
Estudios Franceses;;4;7
Información y Documentación;Biblioteconomía|Documentación;4;7
Ingeniería de Materiales;;4;7
Lengua y Literatura Españolas;Hispánicas;4;7
Negocios Internacionales;International Business|Negocios;4;7
Arqueología;;4;6
Ciencia de Datos e Inteligencia Artificial;;4;6
Conservación y Restauración de Bienes Culturales;;4;6
Diseño de Interiores;;4;6
Empresa y Tecnología;;4;6
Español: Lengua y Literatura;;4;6
Ingeniería Agrícola;;4;6
Ingeniería Agroalimentaria y del Medio Rural;Agrónomos|Ingeniería Agrónoma;4;6
Ingeniería en Diseño Industrial y Desarrollo de Productos;;4;6
Ingeniería Electrónica de Telecomunicación;;4;6
Analítica de Negocios;;4;5
Animación;;4;5
Bioinformática;;4;5
Comunicación;;4;5
Contabilidad y Finanzas;;4;5
Gastronomía;;4;5
Geografía e Historia;;4;5
Ingeniería Ambiental;;4;5
Ingeniería de Automoción;;4;5
Lenguas Modernas y sus Literaturas;;4;5
Maestro de Educación Primaria;;4;5
Magisterio en Educación Infantil;;4;5
Magisterio en Educación Primaria;;4;5
Náutica y Transporte Marítimo;Náutica;4;5
Arquitectura Técnica y Edificación;;4;4
Ciberseguridad;;4;4
Ciencia Política y de la Administración;;4;4
Ciencia Política y Gestión Pública;;4;4
Comunicación Digital;;4;4
Criminología y Seguridad;;4;4
Diseño de Videojuegos;;4;4
Estudios Árabes e Islámicos;;4;4
Filología Catalana;;4;4
Gestión Deportiva;;4;4
Historia y Ciencias de la Música;;4;4
Ingeniería Agroalimentaria;;4;4
Ingeniería de Computadores;;4;4
Ingeniería de Edificación;;4;4
Ingeniería de la Ciberseguridad;;4;4
Ingeniería de las Industrias Agrarias y Alimentarias;;4;4
Ingeniería de Tecnologías y Servicios de Telecomunicación;;4;4
Ingeniería Forestal;;4;4
Ingeniería Geológica;;4;4
Inteligencia de los Negocios;;4;4
Maestro de Educación Infantil;;4;4
Marketing y Comunicación Digital;;4;4
Matemática Aplicada;;4;4
Musicología;;4;4
Recursos Humanos y Relaciones Laborales;;4;4
Análisis de Negocios;;4;3
Bioquímica y Biología Molecular;;4;3
Cinematografía;;4;3
Comercio;;4;3
Computación e Inteligencia Artificial;;4;3
Datos y Analítica de Negocio;;4;3
Dirección y Gestión de Empresas en el Ámbito Digital;;4;3
Estudios Clásicos;;4;3
Estudios de Asia Oriental;;4;3
Estudios Internacionales;;4;3
Genética;;4;3
Geografía y Gestión del Territorio;;4;3
Gestión de Información y Contenidos Digitales;;4;3
Historia y Patrimonio;;4;3
Ingeniería Agrícola y del Medio Rural;;4;3
Ingeniería de la Salud;;4;3
Ingeniería de Sistemas de Información;;4;3
Ingeniería en Sistemas Industriales;;4;3
Ingeniería de Sonido e Imagen;;4;3
Ingeniería Electrónica de Comunicaciones;;4;3
Ingeniería en Geoinformación y Geomática;;4;3
Ingeniería en Geomática y Topografía;;4;3
Ingeniería en Inteligencia Artificial;;4;3
Ingeniería Física;;4;3
Ingeniería Geomática;;4;3
Ingeniería Informática en Tecnologías de la Información;;4;3
Ingeniería Mecatrónica;;4;3
Ingeniería Multimedia;;4;3
Ingeniería Robótica;;4;3
Lengua y Literatura Catalanas;;4;3
Lenguas Modernas;;4;3
Marketing y Comunicación;;4;3
Matemática Computacional;;4;3
Nanociencia y Nanotecnología;;4;3
Seguridad;;4;3
Arte para Videojuegos;;5;2
Artes Digitales;;5;2
Artes Escénicas;;5;2
Artes;;5;2
Audiología General;;5;2
Ciencia de Datos Aplicada;;5;2
Ciencia Política y Administración Pública;;5;2
Ciencias Culinarias y Gastronómicas;;5;2
Ciencias de la Seguridad;;5;2
Ciencias Gastronómicas;;5;2
Ciencias Políticas y Gestión Pública;;5;2
Ciencias;;5;2
Ciencias y Tecnologías del Mar;;5;2
Dirección Hotelera;;5;2
Diseño Audiovisual e Ilustración;;5;2
Diseño de Producto;;5;2
Diseño Digital;;5;2
Diseño Digital y Multimedia;;5;2
Diseño Digital y Tecnologías Creativas;;5;2
Diseño y Desarrollo de Videojuegos y Entornos Virtuales;;5;2
Empresa Internacional;;5;2
Estadística Aplicada;;5;2
Estadística Empresarial;;5;2
Estudios de Catalán y Español;;5;2
Estudios de Inglés y Catalán;;5;2
Estudios de Inglés y de Clásicas;;5;2
Estudios de Inglés y Español;;5;2
Estudios de Inglés y Francés;;5;2
Estudios Globales;;5;2
Estudios Hispánicos: Lengua Española y sus Literaturas;;5;2
Estudios Hispánicos;;5;2
Filología Moderna. Inglés;;5;2
Finanzas, Banca y Seguros;;5;2
Gastronomía y Artes Culinarias;;5;2
Geografía, Territorio y Medio Ambiente;;5;2
Gestión Aeronáutica;;5;2
Gestión Cultural;;5;2
Gestión y Comunicación de la Moda;;5;2
Global Studies;;5;2
Historia, Geografía e Historia del Arte;;5;2
Ingeniería Agraria;;5;2
Ingeniería Agrícola y Agroalimentaria;;5;2
Ingeniería Alimentaria;;5;2
Ingeniería Civil y Territorial;;5;2
Ingeniería de Datos e Inteligencia Artificial;;5;2
Ingeniería de Diseño Industrial;;5;2
Ingeniería de la Energía y Recursos Minerales;;5;2
Ingeniería de la Tecnología Minera;;5;2
Ingeniería de los Recursos Energéticos;;5;2
Ingeniería de los Recursos Mineros y Energéticos;;5;2
Ingeniería de Obras Públicas;;5;2
Ingeniería de Sistemas Audiovisuales;;5;2
Ingeniería de Sonido e Imagen en Telecomunicación;;5;2
Ingeniería de Tecnología y Diseño Textil;;5;2
Ingeniería de Tecnologías Mineras;;5;2
Ingeniería Electrónica y Automática Industrial;;5;2
Ingeniería en Tecnologías Aeroespaciales;;5;2
Ingeniería Informática - Ingeniería de Computadores;;5;2
Ingeniería Informática - Ingeniería del Software;;5;2
Ingeniería Informática - Sistemas de Información;;5;2
Ingeniería Informática de Gestión y Sistemas de Información;;5;2
Ingeniería Mecatrónica y Robótica;;5;2
Ingeniería Minera;;5;2
Lengua y Literatura Hispánicas;;5;2
Lenguas y Literaturas Modernas;;5;2
Liderazgo Emprendedor e Innovación;;5;2
Lingüística y Lenguas Aplicadas;;5;2
Maestro o Maestra de Educación Infantil;;5;2
Marina;;5;2
Marketing y Dirección Comercial;;5;2
Matemáticas y Ciencia de Datos;;5;2
Matemáticas y Computación;;5;2
Matemáticas y Filosofía;;5;2
Negocios Internacionales (International Business);;5;2
Paisajismo;;5;2
Piloto de Aviación Comercial y Operaciones Aéreas;;5;2
Producción de Música y Sonido para la Industria del Entretenimiento;;5;2
Publicidad, Relaciones Públicas y Marketing;;5;2
Tecnologías Marinas;;5;2
Traducción y Comunicación Intercultural;;5;2
Administración de Empresas y Gestión de la Innovación;;5;1
Administración de Negocios Digitales;;5;1
Administración y Dirección de Empresas Tecnológicas;;5;1
Administración y Dirección de Empresas y Transformación de Negocios;;5;1
Administración y Dirección Pública;;5;1
Administración y Gestión Pública;;5;1
Análisis de Datos en la Empresa;;5;1
Análisis de Datos para la Empresa;;5;1
Análisis de Datos y de Negocios;;5;1
Análisis Económico;;5;1
Analítica de Datos Aplicada a los Negocios;;5;1
Animación Digital;;5;1
Animación 2D y 3D;;5;1
Antropología Social;;5;1
Antropología y Evolución Humana;;5;1
Arquitectura Naval e Ingeniería de Sistemas Marinos;;5;1
Arquitectura Naval e Ingeniería Marítima;;5;1
Arquitectura Naval;;5;1
Arte Digital;;5;1
Artes Escénicas e Interpretación Audiovisual;;5;1
Artes Escénicas y Cinematográficas;;5;1
Artes Visuales y Danza;;5;1
Artes y Diseño;;5;1
Bioinformática y Datos Masivos;;5;1
Bioingeniería;;5;1
Biología Ambiental;;5;1
Biología Sanitaria;;5;1
Biomedical Engineering;;5;1
Biomedicina Básica y Experimental;;5;1
Biomedicina y Terapias Avanzadas;;5;1
Bioquímica y Ciencias Biomédicas;;5;1
Ciberseguridad e Inteligencia Artificial;;5;1
Ciencia, Tecnología y Humanidades;;5;1
Ciencia y Producción Animal;;5;1
Ciencia y Tecnología Aplicadas al Deporte;;5;1
Ciencia y Tecnología del Agua;;5;1
Ciencia y Tecnología Geográficas;;5;1
Ciencias Agrarias y Bioeconomía;;5;1
Ciencias Ambientales para la Sostenibilidad;;5;1
Ciencias Criminológicas y de la Seguridad;;5;1
Ciencias de la Antigüedad;;5;1
Ciencias de la Seguridad Pública;;5;1
Ciencias de las Religiones;;5;1
Ciencias Empresariales - Management;;5;1
Ciencias Empresariales;;5;1
Ciencias Experimentales;;5;1
Ciencias Gastronómicas y Gestión Hotelera;;5;1
Ciencias Jurídicas de las Administraciones Públicas;;5;1
Ciencias Políticas, Gobierno y Administración Pública;;5;1
Ciencias Políticas y de la Administración Pública;;5;1
Cine;;5;1
Cine y Cultura;;5;1
Cine y Ficción Audiovisual;;5;1
Comercio Internacional;;5;1
Comercio y Marketing;;5;1
Communication Networks and Systems;;5;1
Comportamiento y Ciencias Sociales;;5;1
Composición Musical;;5;1
Composición, Postproducción y Efectos Visuales;;5;1
Computer Science and Technology;;5;1
Comunicación Audiovisual y Multimedia;;5;1
Comunicación Audiovisual y Nuevos Medios;;5;1
Comunicación Corporativa;;5;1
Comunicación Corporativa, Protocolo y Eventos;;5;1
Comunicación Cultural;;5;1
Comunicación de las Organizaciones;;5;1
Comunicación Digital y Periodismo;;5;1
Comunicación e Industrias Culturales;;5;1
Comunicación Estratégica, Protocolo y Organización de Eventos;;5;1
Comunicación Global;;5;1
Comunicación Interactiva;;5;1
Comunicación Internacional - Bachelor in Global Communication;;5;1
Comunicación y Creación Audiovisual;;5;1
Comunicación y Gestión de Moda;;5;1
Comunicación y Medios Digitales;;5;1
Comunicación y Periodismo Audiovisuales;;5;1
Comunicación y Relaciones Públicas;;5;1
Conservación de la Naturaleza;;5;1
Conservación y Restauración del Patrimonio Cultural;;5;1
Cooperación Internacional para el Desarrollo;;5;1
Creación, Administración y Dirección de Empresas;;5;1
Creación de Videojuegos y Animación Digital;;5;1
Creación Digital, Animación y Desarrollo de Videojuegos;;5;1
Creación Digital, Animación y Videojuegos;;5;1
Creación y Diseño;;5;1
Creación y Narración de Videojuegos;;5;1
Creación y Producción Musical;;5;1
Criminalística: Ciencias y Tecnologías Forenses;;5;1
Criminología y Ciencias de la Seguridad;;5;1
Criminología y Ciencias Forenses;;5;1
Criminología y Políticas Públicas de Prevención;;5;1
Desarrollo de Aplicaciones 3D Interactivas y Videojuegos;;5;1
Desarrollo de Videojuegos;;5;1
Desarrollo Full-Stack;;5;1
Desarrollo y Pruebas de Software;;5;1
Dirección de Empresas (BBA);;5;1
Dirección de Empresas de Entretenimiento Digital;;5;1
Dirección de Empresas en el Ámbito Digital;;5;1
Dirección de Empresas Hoteleras y Gastronómicas;;5;1
Dirección de Empresas Tecnológicas;;5;1
Dirección Hotelera Internacional;;5;1
Dirección Internacional de Empresas de Turismo y Ocio;;5;1
Dirección Internacional de Negocios;;5;1
Dirección y Gestión Gastronómica;;5;1
Dirección y Gestión Pública;;5;1
Diseño, Animación y Arte Digital para Videojuegos y Juegos Aplicados;;5;1
Diseño, Animación y Arte Digital;;5;1
Diseño Arquitectónico de Interiores;;5;1
Diseño Digital y Tecnologías Multimedia;;5;1
Diseño e Innovación de Negocios Digitales;;5;1
Diseño e Innovación;;5;1
Diseño Gráfico Digital;;5;1
Diseño Gráfico y Creatividad Digital;;5;1
Diseño Gráfico y Motion Graphics;;5;1
Diseño Gráfico y Multimedia;;5;1
Diseño Gráfico y Tecnologías Creativas;;5;1
Diseño Integral y Gestión de la Imagen;;5;1
Diseño Multimedia y Gráfico;;5;1
Diseño para los Sistemas Alimentarios;;5;1
Diseño y Arte Digital para Videojuegos;;5;1
Diseño y Creación de Moda;;5;1
Diseño y Creación de Productos Interactivos;;5;1
Diseño y Creación Digitales;;5;1
Diseño y Desarrollo de Producto;;5;1
Diseño y Desarrollo de Videojuegos y Experiencias Interactivas;;5;1
Diseño y Desarrollo de Videojuegos y Juegos Aplicados;;5;1
Diseño y Gestión de Moda;;5;1
Diseño y Gestión de Proyectos Transmedia;;5;1
Diseño y Narración de Animación y Videojuegos;;5;1
Diseño y Producción de Videojuegos;;5;1
Diseño y Tecnologías Creativas;;5;1
Documentación y Gestión de la Información Digital;;5;1
Economía de la Empresa Internacional;;5;1
Economía Digital e Inteligencia de Negocios;;5;1
Economía Financiera y Actuarial;;5;1
Educación Primaria - Primary Education;;5;1
Efectos Visuales;;5;1
Emprendimiento;;5;1
Emprendimiento y Gestión de Empresas;;5;1
Empresa, Innovación y Tecnología;;5;1
Empresa y Tecnología Digital;;5;1
Empresas y Actividades Turísticas;;5;1
Energy Engineering;;5;1
Engineering Physics;;5;1
Escritura Creativa y Desarrollo de Contenidos;;5;1
Español: Estudios Lingüísticos y Literarios;;5;1
Español: Lengua y Literaturas;;5;1
Estadística y Empresa;;5;1
Estudios Alemanes;;5;1
Estudios Árabes y Hebreos;;5;1
Estudios Clásicos y de la Antigüedad;;5;1
Estudios Clásicos y Románicos;;5;1
Estudios Culturales;;5;1
Estudios de Asia y África: Árabe, Chino y Japonés;;5;1
Estudios de Comunicación y Medios;;5;1
Estudios Francófonos Aplicados;;5;1
Estudios Hebreos y Arameos;;5;1
Estudios Ingleses. Lengua, Literatura y Cultura;;5;1
Estudios Internacionales de Economía y Empresa;;5;1
Estudios Internacionales en Empresa y Economía;;5;1
Estudios Italianos;;5;1
Estudios Jurídico Militares;;5;1
Estudios Literarios;;5;1
Estudios para la Defensa y Seguridad;;5;1
Estudios Policiales;;5;1
Ficción y Narración;;5;1
Filología Aplicada Gallega y Española;;5;1
Filología Catalana: Estudios de Literatura y Lingüística;;5;1
Filología Catalana y Estudios Occitanos;;5;1
Filosofía, Política, Derecho y Economía;;5;1
Filosofía, Política y Comunicación;;5;1
Filosofía, Política y Economía (Philosophy, Politics and Economics);;5;1
Física Aplicada;;5;1
Física Computacional;;5;1
Física e Instrumentación Espacial;;5;1
Fotografía;;5;1
Fotografía y Creación Audiovisual;;5;1
Fundamentos de Arquitectura y Urbanismo;;5;1
Gallego y Portugués: Estudios Lingüísticos y Literarios;;5;1
Gastronomía e Innovación Culinaria;;5;1
Geografía, Análisis Territorial y Sostenibilidad;;5;1
Geografía, Ciencias Territoriales y Medio Ambiente;;5;1
Geografía, Desarrollo Territorial y Sostenibilidad;;5;1
Geografía, Geotecnologías y Sostenibilidad Territorial;;5;1
Geografía, Medio Ambiente y Planificación Territorial;;5;1
Geografía, Ordenación del Territorio y Gestión del Medio Ambiente;;5;1
Geografía y Cambio Global;;5;1
Geografía y Medio Ambiente;;5;1
Geografía y Planificación Territorial;;5;1
Geografía y Retos Globales;;5;1
Gestión Aplicada;;5;1
Gestión Comercial y Marketing;;5;1
Gestión de Ciudades Inteligentes y Sostenibles;;5;1
Gestión de Empresas Hosteleras;;5;1
Gestión de Información y Documentación Digital;;5;1
Gestión de la Ciberseguridad;;5;1
Gestión de la Comunicación Global;;5;1
Gestión de la Sociedad Digital;;5;1
Gestión de la Sostenibilidad, Transformación Digital y Medio Ambiente;;5;1
Gestión de Negocios;;5;1
Gestión de Pequeñas y Medianas Empresas;;5;1
Gestión de Proyectos Internacionales de Ingeniería Civil;;5;1
Gestión de Seguridad Pública;;5;1
Gestión del Diseño;;5;1
Gestión del Transporte y la Logística;;5;1
Gestión del Turismo;;5;1
Gestión Digital de Información y Documentación;;5;1
Gestión e Ingeniería de Servicios;;5;1
Gestión Empresarial Basada en el Análisis De Datos (Business Analytics);;5;1
Gestión en Turismo y Hotelería;;5;1
Gestión Hotelera y Turística;;5;1
Gestión Industrial de la Moda;;5;1
Gestión Informática Empresarial;;5;1
Gestión Logística;;5;1
Gestión Logística y Transporte;;5;1
Gestión, Tecnología y Moda;;5;1
Gestión Turística y del Ocio;;5;1
Gestión y Digitalización en el Deporte;;5;1
Gestión y Marketing Empresarial;;5;1
Gestión y Operaciones del Transporte Aéreo;;5;1
Gobernanza Global, Economía y Orden Legal;;5;1
Historia del Arte y Arqueología;;5;1
Historia del Arte y Gestión del Patrimonio Artístico;;5;1
Historia del Arte y Patrimonio Cultural;;5;1
Historia del Arte y Patrimonio Histórico-Artístico;;5;1
Historia, Política y Economía Contemporáneas;;5;1
Historia y Ciencias de la Música y Tecnología Musical;;5;1
Historia y Geografía;;5;1
Historia y Patrimonio Histórico;;5;1
Historia y Pensamiento;;5;1
Historia y Política;;5;1
Humanidades Digitales Globales;;5;1
Humanidades Digitales;;5;1
Humanidades: Historia Cultural;;5;1
Humanidades y Estudios Culturales;;5;1
Humanidades y Estudios Sociales;;5;1
Humanidades y Gestión de la Cultura;;5;1
Humanidades y Patrimonio;;5;1
Ilustración y Desarrollo Visual;;5;1
Industrias Culturales y Creativas;;5;1
Informática Industrial y Robótica;;5;1
Informática y Servicios;;5;1
Ingeniería Aeroespacial en Aeronavegación;;5;1
Ingeniería Aeroespacial en Aeronaves;;5;1
Ingeniería Aeroespacial en Transporte y Aeropuertos;;5;1
Ingeniería Aeroespacial en Vehículos Aeroespaciales;;5;1
Ingeniería Agraria y Alimentaria;;5;1
Ingeniería Agraria y Energética;;5;1
Ingeniería Agrícola y Agroambiental;;5;1
Ingeniería Agroalimentaria y Agroambiental;;5;1
Ingeniería Agroalimentaria y de Sistemas Biológicos;;5;1
Ingeniería Agroambiental;;5;1
Ingeniería Audiovisual Computacional;;5;1
Ingeniería Civil en Construcciones Civiles;;5;1
Ingeniería de Bioprocesos Alimentarios;;5;1
Ingeniería de Ciencias Agroalimentarias;;5;1
Ingeniería de Ciencias Agronómicas;;5;1
Ingeniería de Comunicaciones Móviles y Espaciales;;5;1
Ingeniería de Datos en Procesos Industriales;;5;1
Ingeniería de Datos;;5;1
Ingeniería de Energías Renovables;;5;1
Ingeniería de Energías Renovables y Tecnologías del Hidrógeno;;5;1
Ingeniería de Internet;;5;1
Ingeniería de la Empresa;;5;1
Ingeniería de la Energía y Sostenibilidad;;5;1
Ingeniería de las Explotaciones Agropecuarias;;5;1
Ingeniería de las Tecnologías de la Información Geoespacial;;5;1
Ingeniería de los Recursos Energéticos, Combustibles y Explosivos;;5;1
Ingeniería de los Recursos Mineros;;5;1
Ingeniería de Organización;;5;1
Ingeniería de Procesos Químicos Industriales;;5;1
Ingeniería de Recursos Minerales y Energía;;5;1
Ingeniería de Recursos Minerales y su Reciclaje;;5;1
Ingeniería de Redes de Telecomunicación;;5;1
Ingeniería de Robótica Software;;5;1
Ingeniería de Satélites;;5;1
Ingeniería de Sistemas Aeroespaciales;;5;1
Ingeniería de Sistemas Audiovisuales de Telecomunicación;;5;1
Ingeniería de Sistemas Biológicos;;5;1
Ingeniería de Sistemas de Inteligencia Artificial;;5;1
Ingeniería de Sistemas TIC;;5;1
Ingeniería de Sistemas y Servicios de Telecomunicaciones;;5;1
Ingeniería de Tecnologías de Telecomunicación, Sonido e Imagen;;5;1
Ingeniería de Tecnologías Navales para la Defensa;;5;1
Ingeniería de Videojuegos;;5;1
Ingeniería del Automóvil;;5;1
Ingeniería del Medio Natural;;5;1
Ingeniería del Software y Videojuegos;;5;1
Ingeniería Eléctrica para la Transición Energética;;5;1
Ingeniería Eléctrica (Rama Industrial);;5;1
Ingeniería Eléctrica y Electrónica;;5;1
Ingeniería Eléctrica y Sistemas Ferroviarios;;5;1
Ingeniería Electrónica, Robótica y Mecatrónica;;5;1
Ingeniería Electrónica y Automática;;5;1
Ingeniería Electrónica y Automática (Rama Industrial);;5;1
Ingeniería en Diseño Mecánico;;5;1
Ingeniería en Energías Renovables y Eficiencia Energética;;5;1
Ingeniería en Geotecnologías y Topografía;;5;1
Ingeniería en Industria Conectada;;5;1
Ingeniería en Innovación de Procesos y Productos;;5;1
Ingeniería en Matemática Aplicada a Ciencia de Datos;;5;1
Ingeniería en Organización de las Tecnologías de la Información y de la Comunicación;;5;1
Ingeniería en Organización Industrial y Logística;;5;1
Ingeniería en Sistemas Audiovisuales y Multimedia;;5;1
Ingeniería en Sistemas Inteligentes;;5;1
Ingeniería en Sistemas y Tecnología Naval;;5;1
Ingeniería en Tecnología Industrial;;5;1
Ingeniería en Tecnología Naval;;5;1
Ingeniería en Tecnologías Ambientales;;5;1
Ingeniería en Tecnologías de la Información;;5;1
Ingeniería en Tecnologías para Animación y Videojuegos;;5;1
Ingeniería en Vehículos Aeroespaciales;;5;1
Ingeniería Energética;;5;1
Ingeniería Física Aplicada a la Industria;;5;1
Ingeniería Física y Matemática;;5;1
Ingeniería Forestal: Industrias Forestales;;5;1
Ingeniería Geomática y Topográfica;;5;1
Ingeniería Hortofrutícola y Jardinería;;5;1
Ingeniería Informática - Inteligencia Artificial;;5;1
Ingeniería Informática - Tecnologías Informáticas;;5;1
Ingeniería Informática de Servicios y Aplicaciones;;5;1
Ingeniería Informática del Software;;5;1
Ingeniería Informática y Tecnologías Virtuales;;5;1
Ingeniería Logística y Organización Industrial;;5;1
Ingeniería Marina;;5;1
Ingeniería Marítima;;5;1
Ingeniería Marítima y Arquitectura Naval;;5;1
Ingeniería Matemática e Inteligencia Artificial;;5;1
Ingeniería Matemática en Ciencia de Datos;;5;1
Ingeniería Matemática y Física;;5;1
Ingeniería Mecánica (Rama Industrial);;5;1
Ingeniería Minera y Energética;;5;1
Ingeniería Mineralúrgica y Metalúrgica de las Materias Primas;;5;1
Ingeniería Náutica y Transporte Marítimo;;5;1
Ingeniería Naval y Oceánica;Ingeniería Naval|Naval;5;1
Ingeniería Radioelectrónica;;5;1
Ingeniería Robótica e Inteligencia Artificial;;5;1
Ingeniería Robótica Industrial;;5;1
Ingeniería Telemática en Telecomunicación;;5;1
Ingeniería Térmica;;5;1
Ingeniería y Gestión Empresarial;;5;1
Ingeniería y Sistemas de Datos;;5;1
Inglés: Estudios Lingüísticos y Literarios;;5;1
Innovación de Procesos y Productos Alimentarios;;5;1
Innovación y Seguridad Alimentaria;;5;1
Inteligencia Artificial y Ciberseguridad;;5;1
Inteligencia Artificial y Ciencia de Datos;;5;1
Inteligencia Artificial y Robótica Aplicadas;;5;1
Inteligencia de Negocio y Analítica de Datos;;5;1
Inteligencia Empresarial y Análisis de Datos;;5;1
Inteligencia Robótica;;5;1
Inteligencia, Seguridad y Diplomacia;;5;1
Inteligencia y Analítica de Negocio;;5;1
Inteligencia y Analítica de Negocios;;5;1
Intelligent Manufacturing;;5;1
International Business Management;;5;1
Interpretación de Música Moderna;;5;1
Interpretación Musical;;5;1
Lengua de Signos Española y Comunidad Sorda;;5;1
Lengua Española y su Literatura;;5;1
Lengua Española y sus Literaturas;;5;1
Lengua y Cultura Vasca;;5;1
Lengua y Literatura Española;;5;1
Lengua y Literatura Gallegas;;5;1
Lengua y Literatura Hispánica;;5;1
Lengua y Literatura Inglesas;;5;1
Lenguas Aplicadas;;5;1
Lenguas Aplicadas y Traducción;;5;1
Lenguas Extranjeras;;5;1
Lenguas, Literaturas y Culturas Románicas;;5;1
Lenguas Modernas Aplicadas;;5;1
Lenguas Modernas, Cultura y Comunicación;;5;1
Lenguas Modernas, Literaturas y Culturas;;5;1
Lenguas Modernas y Gestión;;5;1
Lenguas Modernas y Traducción;;5;1
Lenguas Románicas y sus Literaturas;;5;1
Lenguas y Literaturas Modernas, Francés - Inglés;;5;1
Lenguas y Literaturas Modernas-Francés;;5;1
Lenguas y Literaturas Modernas-Portugués;;5;1
Liderazgo Transformador e Impacto Social;;5;1
Lingüística;;5;1
Literatura General y Comparada;;5;1
Literaturas Comparadas;;5;1
Logística Empresarial;;5;1
Logística y Negocios Marítimos;;5;1
Maestro o Maestra en Educación Primaria;;5;1
Máquinas Navales;;5;1
Marketing Digital;;5;1
Marketing e Investigación de Mercados (MIM);;5;1
Marketing, Eventos y Entretenimiento;;5;1
Marketing, Innovación y Tecnología;;5;1
Marketing, Publicidad y Relaciones Públicas;;5;1
Marketing y Comunicación Empresarial;;5;1
Marketing y Comunidades Digitales;;5;1
Marketing y Gestión Comercial;;5;1
Matemática Aplicada y Computación;;5;1
Matemática Computacional y Analítica de Datos;;5;1
Matemáticas Aplicadas a la Ingeniería de Software;;5;1
Matemáticas Aplicadas;;5;1
Matemáticas e Informática;;5;1
Matemáticas y Estadística;;5;1
Medio Ambiente y Sostenibilidad;;5;1
Medios Audiovisuales;;5;1
Microbiología;;5;1
Multimedia. Aplicaciones y Videojuegos;;5;1
Multimedia;;5;1
Multimedia y Artes Digitales;;5;1
Música;;5;1
Negocio Digital e Innovación en Turismo;;5;1
Negocios e Inteligencia Artificial;;5;1
Negocios Internacionales\ Bachelor in International Business;;5;1
Negocios y Marketing Internacionales;;5;1
Neurociencia;;5;1
Organización de Eventos, Protocolo y Relaciones Institucionales;;5;1
Paisaje;;5;1
Periodismo y Comunicación Corporativa;;5;1
Periodismo y Creación de Contenidos;;5;1
Periodismo y Medios Digitales;;5;1
Política, Sociología y Filosofía;;5;1
Políticas de Seguridad y Control de la Criminalidad;;5;1
Prevención y Seguridad Integral;;5;1
Protocolo, Organización de Eventos y Comunicación Corporativa;;5;1
Protocolo y Organización de Eventos;;5;1
Publicidad Creativa;;5;1
Publicidad, Ideación y Comunicación de Marcas;;5;1
Publicidad, Marketing y Relaciones Públicas;;5;1
Publicidad, Relaciones Públicas y Marketing de Contenidos;;5;1
Publicidad y Comunicación Corporativa;;5;1
Publicidad y Comunicación para los medios;;5;1
Publicidad y Creación de Marca;;5;1
Publicidad y Marketing Digital;;5;1
Recursos Hídricos;;5;1
Relaciones Internacionales y Unión Europea;;5;1
Relaciones Laborales y Desarrollo de Recursos Humanos;;5;1
Relaciones Laborales y Empleo;;5;1
Relaciones Laborales y Ocupación;;5;1
Robótica Centrada en las Personas;;5;1
Robótica;;5;1
Robotics Engineering;;5;1
Seguridad Pública y Privada;;5;1
Seguridad y Control de Riesgos;;5;1
Sistemas de Información;;5;1
Sociología Aplicada;;5;1
Sustainability (Joint Bachelor);;5;1
Sustainable Blue Economy (SeaBluE) Joint Bachelor;;5;1
Técnicas y Tecnologías Creativas para el Diseño;;5;1
Tecnología de la Ingeniería Civil;;5;1
Tecnología del Lenguaje;;5;1
Tecnología Digital y Multimedia;;5;1
Tecnología y Operaciones Militares Aeroespaciales;;5;1
Tecnologías Digitales para la Empresa;;5;1
Tecnologías Industriales y Análisis Económico;;5;1
Tecnologías Interactivas;;5;1
Tecnologías para la Sociedad de la Información;;5;1
Teología Cristiana;;5;1
Traducción e Interpretación. Inglés-Alemán;;5;1
Traducción e Interpretación. Inglés-Francés;;5;1
Traducción, Interpretación y Lenguas Aplicadas;;5;1
Traducción, Interpretación y Tecnologías del Lenguaje;;5;1
Traducción y Enseñanza de Lenguas;;5;1
Traducción y Mediación Interlingüística;;5;1
Traducción y Tecnologías del Lenguaje Aplicadas;;5;1
Transporte y Logística;;5;1
Turismo y Dirección de Empresas Turísticas;;5;1
Turismo y Empresas Turísticas;;5;1
Turismo y Gestión del Ocio;;5;1
Urban Sustainability Studies;;5;1
