respuesta;alias;nivel;orden_a_mano
Big Mac;;1;1000000000
McPollo;;1;999999999
Cuarto de Libra;Cuarto de Libra con queso;1;999999998
McNuggets;nuggets|Chicken McNuggets;1;999999997
patatas fritas;patatas;1;999999996
Happy Meal;;1;999999995
McFlurry;;1;999999994
hamburguesa con queso;Cheeseburger;1;999999993
CBO;;1;999999992
McRoyal Deluxe;McRoyal;1;999999991
patatas deluxe;;2;1000000000
McExtreme;McExtrem;2;999999999
Big Crispy;Big Crispy BBQ;2;999999998
McWrap;wrap;2;999999997
McFish;Filet-O-Fish;2;999999996
hamburguesa;hamburguesa sencilla;2;999999995
doble cheeseburger;;2;999999994
Grand McExtreme;;2;999999993
Signature;;2;999999992
sundae;;2;999999991
cono;cono de helado;2;999999990
batido;;2;999999989
McCafé;café;2;999999988
Coca-Cola;;2;999999987
Fanta;;2;999999986
agua;;2;999999985
nestea;;2;999999984
cerveza;;2;999999983
ensalada;ensalada César;2;999999982
Top Fries;Top Fries Bacon & Cheese;2;999999981
alitas de pollo;alitas;2;999999980
aros de cebolla;;2;999999979
tarta de manzana;Apple Pie;2;999999978
muffin;;3;999999977
McMuffin;;3;999999976
tostada;;3;999999975
donut;;3;999999974
cookie;;3;999999973
zumo de naranja;;3;999999972
manzana;;3;999999971
tomatitos;tomates cherry;3;999999970
Chicken & Cheese;;3;999999969
McBacon;;3;999999968
Big Good;;3;999999967
Mini McFlurry;;3;999999966
McShake;;3;999999965
kétchup;;3;999999964
salsa barbacoa;;3;999999963
salsa agridulce;;3;999999962
salsa deluxe;;3;999999961
mostaza;;3;999999960
mayonesa;;3;999999959
Cheesy bacon fries;;3;999999958
Chicken Legend;;3;999999957
McChicken;;3;999999956
McRib;;3;999999955
Big Tasty;;4;999999954
McVeggie;McPlant;4;999999953
Quarter Pounder;;4;999999952
Royal Deluxe;;4;999999951
croissant;;4;999999950
napolitana;;4;999999949
Chicken Wings;;4;999999948
Camembert;bocaditos de camembert|queso camembert;4;999999947
Chili Cheese Tops;;4;999999946
Tasty;;4;999999945
Double Big Mac;Doble Big Mac;4;999999944
Pollo Crispy;;4;999999943
menú infantil;;4;999999942
actimel;;4;999999941
yogur;;4;999999940
helado Kit Kat;;4;999999939
smoothie;;4;999999938
frappé;;4;999999937
capuchino;;4;999999936
café con leche;;4;999999935
chocolate;;4;999999934
té;;4;999999933
Arch Deluxe;;5;0
Big Arch;;5;0
Big N' Tasty;;5;0
BTS Meal;;5;0
Deli Choices;;5;0
Double Quarter Pounder;;5;0
Grimace Shake;;5;0
Kiwiburger;;5;0
McAfrika;;5;0
McArabia;;5;0
McDLT;;5;0
McDouble;;5;0
McGriddles;;5;0
McKroket;;5;0
McNugget Caviar;;5;0
McSpicy;;5;0
McVegan;;5;0
Shamrock Shake;;5;0
Snack Wrap;;5;0
