respuesta;alias;nivel;visitas_wikipedia_es
Sol;Puerta del Sol|Vodafone Sol;1;1000000000
Gran Vía;;1;999999999
Callao;;1;999999998
Atocha;Atocha Renfe|Estación del Arte|Atocha-Constitución del 78;1;999999997
Chamartín;;1;999999996
Nuevos Ministerios;;1;999999995
Moncloa;;1;999999994
Príncipe Pío;;1;999999993
Plaza de España;;1;999999992
Ópera;;1;999999991
Plaza de Castilla;;2;1000000000
Avenida de América;;2;999999999
Tribunal;;2;999999998
Bilbao;;2;999999997
Aeropuerto T4;;2;999999996
Aeropuerto T1-T2-T3;Aeropuerto;2;999999995
Cuatro Caminos;;2;999999994
Goya;;2;999999993
Retiro;;2;999999992
Banco de España;;2;999999991
Santiago Bernabéu;;2;999999990
Alonso Martínez;;2;999999989
Argüelles;;2;999999988
Embajadores;;2;999999987
Legazpi;;2;999999986
Méndez Álvaro;;2;999999985
Lavapiés;;2;999999984
La Latina;;2;999999983
Tirso de Molina;;2;999999982
Chueca;;2;999999981
Sevilla;;2;999999980
Ciudad Universitaria;;2;999999979
Diego de León;;2;999999978
Manuel Becerra;;2;999999977
Ventas;;2;999999976
Pacífico;;2;999999975
Príncipe de Vergara;;2;999999974
Serrano;;2;999999973
Colón;;2;999999972
Canal;;2;999999971
Quevedo;;2;999999970
San Bernardo;;2;999999969
Noviciado;;2;999999968
Antón Martín;;2;999999967
Estadio Metropolitano;;2;999999966
Casa de Campo;;2;999999965
Lago;;2;999999964
Batán;;2;999999963
Plaza Elíptica;;2;999999962
Oporto;;2;999999961
Chamberí;Estación fantasma de Chamberí|Estación de Chamberí|Andén Cero;2;7334
Arte;Estación de Atocha;2;6062
Pinar de Chamartín;Estación de Pinar de Chamartín;2;5757
El Casar;Estación de El Casar;2;5526
Paco de Lucía;Mirasierra-Paco de Lucía|Estación de Paco de Lucía|Estación de Mirasierra-Paco de Lucía;2;4356
Núñez de Balboa;Estación de Núñez de Balboa;2;4343
Colonia Jardín;Estación de Colonia Jardín;2;4230
Conde de Casal;Estación de Conde de Casal;2;3967
Pitis;Estación de Pitis;2;3932
Cuatro Vientos;Estación de Cuatro Vientos;2;3916
Gregorio Marañón;Estación de Gregorio Marañón;2;3878
Puerta del Sur;Estación de Puerta del Sur;2;3778
Guzmán el Bueno;Estación de Guzmán el Bueno;2;3577
Intercambiador de Aluche;;2;3520
Colombia;Estación de Colombia;2;3475
Sainz de Baranda;Estación de Sáinz de Baranda;2;3473
Vicente Aleixandre;Estación de Vicente Aleixandre|Estación de Metropolitano|Metropolitano;3;3404
Puerta de Arganda;Estación de Puerta de Arganda;3;3378
Villaverde Alto;Estación de Villaverde Alto;3;3356
Begoña;Estación de Begoña;3;3295
Comillas;Estación de Comillas;3;3098
Islas Filipinas;Estación de Islas Filipinas;3;2916
Iglesia;Estación de Iglesia;3;2855
Tetuán;Estación de Tetuán;3;2830
Estrecho;Estación de Estrecho;3;2809
O'Donnell;Estación de O'Donnell;3;2754
Pío XII;Estación de Pío XII;3;2706
Sierra de Guadalupe;Estación de Sierra de Guadalupe;3;2704
Puente de Vallecas;Estación de Puente de Vallecas;3;2688
Bambú;Estación de Bambú;3;2612
Palos de la Frontera;Estación de Palos de la Frontera;3;2601
Francos Rodríguez;Estación de Francos Rodríguez;3;2595
Mar de Cristal;Estación de Mar de Cristal;3;2586
Alfonso XIII;Estación de Alfonso XIII;3;2548
Suanzes;Estación de Suanzes;3;2543
Tres Olivos;Estación de Tres Olivos;3;2497
Laguna;Estación de Laguna;3;2428
Concha Espina;Estación de Concha Espina;3;2423
Alto de Extremadura;Estación de Alto de Extremadura;3;2422
Cuzco;Estación de Cuzco;3;2421
Puerta de Toledo;Estación de Puerta de Toledo;3;2419
Arturo Soria;Estación de Arturo Soria;3;2416
Nueva Numancia;Estación de Nueva Numancia;3;2401
Valdecarros;Estación de Valdecarros;3;2375
Rubén Darío;Estación de Rubén Darío;3;2370
Canillejas;Estación de Canillejas;3;2370
Ronda de la Comunicación;Estación de Ronda de la Comunicación;3;2361
Menéndez Pelayo;Estación de Menéndez Pelayo;3;2348
Lista;Estación de Lista;3;2346
Ríos Rosas;Estación de Ríos Rosas;3;2294
Pirámides;Estación de Pirámides;3;2290
Portazgo;Estación de Portazgo;4;2259
Pavones;Estación de Pavones;4;2222
Barrio del Pilar;Estación de Barrio del Pilar;4;2181
Las Tablas;Estación de Las Tablas;4;2176
Herrera Oria;Estación de Herrera Oria;4;2159
Parque de las Avenidas;Estación de Parque de las Avenidas;4;2142
Ciudad Lineal;Intercambiador de Ciudad Lineal|Estación de Ciudad Lineal;4;2129
Usera;Estación de Usera;4;2125
Villaverde Bajo-Cruce;Estación de Villaverde Bajo-Cruce;4;2122
Feria de Madrid;Estación de Feria de Madrid|Estación de Campo de las Naciones|Campo de las Naciones;4;2121
Alto del Arenal;Estación de Alto del Arenal;4;2096
La Gavia;Estación de La Gavia;4;2091
Fuencarral;Estación de Fuencarral;4;2090
Hospital 12 de Octubre;Estación de Hospital 12 de Octubre;4;2073
Arganda del Rey;Estación de Arganda del Rey;4;2049
Buenos Aires;Estación de Buenos Aires;4;2046
Ascao;Estación de Ascao;4;2040
García Noblejas;Estación de García Noblejas;4;2035
Getafe Central;Estación de Getafe Central;4;2015
Alsacia;Intercambiador de Alsacia|Estación de Alsacia;4;2012
Cruz del Rayo;Estación de Cruz del Rayo;4;1998
Hospital Infanta Sofía;Hospital del Norte|Estación de Hospital Infanta Sofía|Estación de Hospital del Norte;4;1996
Carabanchel;Estación de Carabanchel;4;1989
Carpetana;Estación de Carpetana;4;1958
Pueblo Nuevo;Estación de Pueblo Nuevo;4;1943
Puerta del Ángel;Estación de Puerta del Ángel;4;1937
Empalme;Estación de Empalme;4;1931
Alonso Cano;Estación de Alonso Cano;4;1922
Marqués de Vadillo;Estación de Marqués de Vadillo;4;1903
Delicias;Estación de Delicias;4;1892
Campamento;Estación de Campamento;4;1860
Ibiza;Estación de Ibiza;4;1858
Vista Alegre;Estación de Vista Alegre;4;1853
San Fernando;Estación de San Fernando;4;1849
Urgel;Estación de Urgel;4;1814
La Granja;Estación de La Granja;4;1787
Valdeacederas;Estación de Valdeacederas;4;1765
Aviación Española;Estación de Aviación Española;4;1756
Velázquez;Estación de Velázquez;4;1751
Reyes Católicos;Estación de Reyes Católicos;4;1737
Esperanza;Estación de Esperanza;4;1735
La Fortuna;Estación de La Fortuna;4;1733
La Moraleja;Estación de La Moraleja;4;1730
Alvarado;Estación de Alvarado;4;1729
Manoteras;Estación de Manoteras;4;1726
Miguel Hernández;Estación de Miguel Hernández;4;1697
Alameda de Osuna;Estación de Alameda de Osuna;4;1696
La Elipa;Estación de La Elipa;4;1690
Prosperidad;Estación de Prosperidad;4;1681
Lacoma;Estación de Lacoma;4;1678
Las Rosas;Estación de Las Rosas;4;1676
Lucero;Estación de Lucero;4;1660
Arroyofresno;Estación de Arroyofresno;4;1649
Hospital del Henares;Estación de Hospital del Henares;4;1642
Coslada Central;Estación de Coslada Central;4;1640
Congosto;Estación de Congosto;4;1625
Vicálvaro;Estación de Vicálvaro;4;1599
Leganés Central;;4;1580
Cartagena;Estación de Cartagena;4;1570
Arganzuela-Planetario;Estación de Planetario|Estación de Arganzuela-Planetario|Estación de Arganzuela;4;1567
República Argentina;Estación de República Argentina;4;1560
La Peseta;Estación de La Peseta;4;1552
La Poveda;Estación de La Poveda;4;1550
Acacias;Estación de Acacias;4;1537
Antonio Machado;Estación de Antonio Machado;5;1535
Alcorcón Central;Estación de Alcorcón Central|Estación de Alcorcón|Alcorcón;5;1530
Canillas;Estacion de Canillas;5;1505
Santo Domingo;Estación de Santo Domingo;5;1484
Barrio de la Concepción;Estación de Barrio de la Concepción;5;1476
La Almudena;Estación de La Almudena;5;1469
Barajas;Estación de Barajas;5;1447
Joaquín Vilumbrales;Estación de Joaquín Vilumbrales;5;1447
Las Musas;Estación de Las Musas;5;1439
Rivas Vaciamadrid;Estación de Rivas Vaciamadrid;5;1436
Marqués de la Valdavia;Estación de Marqués de la Valdavia;5;1431
Hortaleza;Estación de Hortaleza;5;1426
Villa de Vallecas;Estación de Villa de Vallecas;5;1422
Opañel;Estación de Opañel;5;1415
Avenida de la Ilustración;Estación de Avenida de la Ilustración;5;1410
Ventilla;Estación de Ventilla;5;1403
Móstoles;Estación de Móstoles Central|Estación de Móstoles;5;1401
Artilleros;Estación de Artilleros;5;1395
Parque de Santa María;Estación de Parque de Santa María;5;1380
Las Suertes;Estación de Las Suertes;5;1378
Mirasierra;Estación de Mirasierra;5;1378
Fuenlabrada Central;Estación de Fuenlabrada Central;5;1363
Rivas Futura;Estación de Rivas Futura;5;1357
Avenida de la Paz;Estación de Avenida de la Paz;5;1349
Avenida de Guadalajara;Estación de Avenida de Guadalajara;5;1349
Almendrales;Estación de Almendrales;5;1346
Baunatal;Estación de Baunatal;5;1335
El Capricho;Estación de El Capricho;5;1327
Madrid Río;Estación de Madrid Río;5;1325
Quintana;Estación de Quintana;5;1320
Eugenia de Montijo;Estación de Eugenia de Montijo;5;1317
Peñagrande;Estación de Peñagrande;5;1304
Torre Arias;Estación de Torre Arias;5;1303
Estrella;Estación de Estrella;5;1300
Montecarmelo;Estación de Montecarmelo;5;1299
Ventura Rodríguez;Estación de Ventura Rodríguez;5;1280
Duque de Pastrana;Estación de Duque de Pastrana;5;1279
Valdezarza;Estación de Valdezarza;5;1274
Ciudad de los Ángeles;Estación de Ciudad de los Ángeles;5;1259
Los Espartales;Estación de Los Espartales;5;1254
Pinar del Rey;Estación de Pinar del Rey;5;1227
Simancas;Estación de Simancas;5;1224
Vinateros;Estación de Vinateros;5;1192
Pan Bendito;Estación de Pan Bendito;5;1167
San Blas;Estación de San Blas;5;1165
San Lorenzo;Estación de San Lorenzo;5;1157
El Carrascal;Estación de El Carrascal;5;1140
San Fermín-Orcasur;Estación de San Fermín-Orcasur;5;1108
Rivas-Urbanizaciones;Estación de Rivas-Urbanizaciones;5;1097
Manuela Malasaña;Estación de Manuela Malasaña;5;1087
Valdebernardo;Estación de Valdebernardo;5;1064
Henares;Estación de Henares;5;1059
Carabanchel Alto;Estación de Carabanchel Alto;5;1001
Barrio del Puerto;Estación de Barrio del Puerto;5;998
Manuel de Falla;Estación de Manuel de Falla;5;995
Universidad Rey Juan Carlos;Estación de Universidad Rey Juan Carlos;5;970
La Rambla;Estación de La Rambla;5;952
El Carmen;Estación de El Carmen;5;949
Abrantes;Estación de Abrantes;5;936
Jarama;Estación de Jarama;5;912
San Francisco;Estación de San Francisco;5;909
Parque Europa;Estación de Parque Europa;5;899
Loranca;Estación de Loranca;5;869
Casa del Reloj;Estación de Casa del Reloj;5;868
San Cristóbal;Estación de San Cristóbal;5;859
Pradillo;Estación de Pradillo;5;857
Parque Lisboa;Estación de Parque Lisboa;5;832
Parque Oeste;Estación de Parque Oeste;5;812
Julián Besteiro;Estación de Julian Besteiro;5;756
Juan de la Cierva;Estación de Juan de la Cierva;5;750
Parque de los Estados;Estación de Parque de los Estados;5;749
San Cipriano;Estación de San Cipriano;5;746
Hospital de Móstoles;Estación de Hospital de Móstoles;5;721
San Nicasio;Estación de San Nicasio;5;693
Alonso de Mendoza;Estación de Alonso de Mendoza;5;688
El Bercial;Estación de El Bercial;5;686
Arroyo Culebro;Estación de Arroyo Culebro;5;685
Hospital de Fuenlabrada;Estación de Hospital de Fuenlabrada;5;652
Hospital Severo Ochoa;Estación de Hospital Severo Ochoa;5;634
Conservatorio;Estación de Conservatorio;5;606
