respuesta;alias;nivel;ediciones_wikipedia
Candy Crush;Candy Crush Saga;1;1000000000
Clash Royale;;1;999999999
Pokémon GO;;1;999999998
Clash of Clans;;1;999999997
Among Us;;1;999999996
Subway Surfers;;1;999999995
Angry Birds;;1;999999994
Brawl Stars;;1;999999993
Fortnite;;1;999999992
Minecraft;;1;999999991
Free Fire;Garena Free Fire;2;1000000000
Call of Duty Mobile;COD Mobile;2;999999999
PUBG;PUBG Mobile;2;999999998
Roblox;;2;999999997
Genshin Impact;;2;999999996
FIFA Mobile;EA Sports FC Mobile|FC Mobile;2;999999995
eFootball;;2;999999994
Temple Run;;2;999999993
Flappy Bird;;2;999999992
Fruit Ninja;;2;999999991
Cut the Rope;;2;999999990
Plants vs. Zombies;Plantas contra Zombis;2;999999989
Doodle Jump;;2;999999988
Jetpack Joyride;;2;999999987
Hay Day;;2;999999986
Stumble Guys;;2;999999985
Parchís;Parchís Star;2;999999984
Apalabrados;;2;999999983
Trivia Crack;Preguntados;2;999999982
Wordle;;2;999999981
2048;;2;999999980
Sudoku;;2;999999979
Tetris;;2;999999978
Snake;la serpiente;2;999999977
Buscaminas;;2;999999976
Solitario;;2;999999975
Ajedrez;Chess;2;999999974
Pou;;3;999999973
Talking Tom;Mi Talking Tom;3;999999972
My Talking Angela;;3;999999971
Mario Kart Tour;;3;999999970
Super Mario Run;;3;999999969
Monopoly Go;;3;999999968
Royal Match;;3;999999967
Gardenscapes;;3;999999966
Homescapes;;3;999999965
Township;;3;999999964
FarmVille;;3;999999963
The Sims Mobile;Los Sims;3;999999962
SimCity;;3;999999961
Dragon City;;3;999999960
Monster Legends;;3;999999959
Geometry Dash;;3;999999958
Crossy Road;;3;999999957
Hill Climb Racing;;3;999999956
Asphalt;Asphalt 9;3;999999955
Real Racing;;3;999999954
8 Ball Pool;;3;999999953
Score Hero;;3;999999952
Dream League Soccer;;3;999999951
Head Ball;;3;999999950
Marvel Snap;;3;999999949
Hearthstone;;3;999999948
Pokémon TCG Pocket;Pokémon Pocket;4;999999947
Pokémon Unite;;4;999999946
League of Legends Wild Rift;Wild Rift;4;999999945
Mobile Legends;;4;999999944
Honkai Star Rail;;4;999999943
Raid Shadow Legends;;4;999999942
Coin Master;;4;999999941
Idle Miner;;4;999999940
Cookie Clicker;;4;999999939
Helix Jump;;4;999999938
Agar.io;;4;999999937
Slither.io;;4;999999936
Piano Tiles;;4;999999935
Color Switch;;4;999999934
Stack;;4;999999933
Paper.io;;4;999999932
Hole.io;;4;999999931
Words with Friends;;4;999999930
Draw Something;;4;999999929
QuizUp;;4;999999928
Akinator;;4;999999927
94%;;4;999999926
4 fotos 1 palabra;;4;999999925
Logo Quiz;;4;999999924
Duolingo;;4;999999923
BeReal;;4;999999922
Sabihondo;;5;1000000000
RuneScape;;5;45
Final Fantasy VIII;FFVIII;5;43
Battlefield 3;Bf3;5;43
Tomb Raider;;5;43
Bully;Canis Canem Edit;5;42
Myst;;5;42
Final Fantasy;Final Fantasy I|Fantasia final;5;41
Rome: Total War;RTW;5;41
Hearthstone: Heroes of Warcraft;;5;41
Five Nights at Freddy's;FNAF;5;41
Sonic the Hedgehog;El erizo veloz;5;41
Life Is Strange;;5;40
Civilization VI;Sid Meier's Civilization VI|Civilization 6;5;40
Limbo;;5;39
Star Wars: Caballeros de la Antigua República;Star Wars: Knights of the Old Republic;5;38
Chrono Trigger;;5;38
Papers, Please;;5;38
FIFA 18;FIFA 2018;5;38
Final Fantasy IV;Final Fantasy IV Advance|FFIV;5;37
Final Fantasy XIII;Snow Villiers|FFXIII;5;37
Final Fantasy VI;;5;37
The Walking Dead;The Walking Dead: Season One;5;37
Dead by Daylight;;5;37
Doom II;;5;36
Final Fantasy II;FFII;5;36
Death Stranding;;5;36
Wolfenstein 3D;Wolf3D;5;36
CLANNAD;;5;35
Fate/stay night;;5;35
Need for Speed: Undercover;Need for Speed The Chase;5;35
Club Penguin;;5;35
Heroes of Might and Magic III;;5;34
Tomb Raider II;Tomb Raider 2;5;34
Boom beach;;5;34
osu!;;5;34
"Steins;Gate";;5;34
Five Nights at Freddy's 4;FNaF 4;5;34
FIFA 16;FIFA 2016;5;34
Need for Speed: Shift;;5;34
Prince of Persia: El Alma del Guerrero;Prince of Persia: Warrior Within;5;33
Asteroids;;5;33
FIFA 13;FIFA Soccer 13|FIFA 2013;5;33
Duke Nukem 3D;;5;33
Five Nights at Freddy's 2;FNAF 2;5;33
Grim Fandango;;5;33
Fortnite: Battle Royale;;5;33
Sonic the Hedgehog 2;Sonic 2;5;33
Pro Evolution Soccer 2011;Winning Eleven 2011|Winning Eleven 14;5;32
FIFA 14;FIFA 2014;5;32
Quake III Arena;Quake III;5;32
Hitman: Blood Money;;5;32
Galaga;;5;32
Five Nights at Freddy's 3;FNaF 3;5;32
Minecraft: Story Mode;Minecraft: Modo historia;5;32
Final Fantasy XI;Wings of the Goddess|Treasures of Aht Urhgan;5;32
Devil May Cry 4;;5;31
Arkanoid;;5;31
Need for Speed: Hot Pursuit;NFSHP;5;31
Need for Speed: Most Wanted;NFS:MW 2012;5;31
Alien: Isolation;;5;31
Frogger;;5;31
Final Fantasy V;Final Fantasy V Advance|FF5;5;31
Metal Gear Rising: Revengeance;;5;31
Street Fighter II: The World Warrior;Street Fighter II|Street Fighter 2;5;31
Hello Neighbor;;5;31
FIFA 10;FIFA Soccer 10|FIFA 2010;5;31
Phoenix Wright: Ace Attorney;Phoenix Wright;5;30
Fahrenheit;Indigo Prophecy;5;30
Bad Piggies;;5;30
Dead Rising;Carlito Keyes;5;30
Syberia;Switch;5;30
Shift 2: Unleashed;Need for Speed: Shift 2 Unleashed;5;30
Hitman: Absolution;;5;29
FIFA 12;FIFA 2012;5;29
Happy Wheels;Ruedas Felices;5;29
Pro Evolution Soccer 2013;Pro Evolution Soccer 13|PES 2013;5;29
Guerras Tribales;Tribal Wars;5;29
Borderlands 2;;5;29
FIFA 11;FIFA Soccer 11|FIFA 2011;5;29
Plague Inc.;;5;29
FIFA 15;FIFA 2015;5;29
Hitman 3;;5;29
Pro Evolution Soccer 2012;PES 2012;5;28
Rayman 2: The Great Escape;Rayman DS|Rayman 3D;5;28
Star Wars: The Force Unleashed;The force unleashed|Star Wars: El Poder de la Fuerza;5;28
Un vecino infernal;Neighbours from Hell;5;28
Subnautica;;5;28
Sonic the Hedgehog CD;Sonic CD;5;28
Crazy Taxi;;5;28
Sonic Mania;;5;28
Pro Evolution Soccer 2010;PES 2010;5;28
Mobile Legends: Bang Bang;MLBB;5;28
Minecraft Earth;;5;28
Journey;;5;28
Kantai Collection;KanColle;5;27
Another World;;5;27
Machinarium;;5;27
The Wolf Among Us;;5;27
Ms. Pac-Man;;5;27
World of Warships;;5;27
World of Goo;;5;27
Need for Speed: No Limits;NFSNL;5;27
Life Is Strange: Before the Storm;;5;27
Dig Dug;;5;26
Rayman;;5;26
The World Ends with You;;5;26
X-Plane;;5;26
To the Moon;;5;26
Mount and Blade: Warband;Mount & Blade: Warband;5;26
Assassin's Creed: Altaïr's Chronicles;;5;26
Castlevania: Symphony of the Night;;5;26
Titan Quest;;5;26
Silkroad Online;;5;26
Syberia II;;5;26
Hotline Miami;;5;26
Street Fighter IV;;5;26
Rage;;5;26
Mega Man;;5;26
2010 FIFA World Cup;2010 FIFA World Cup South Africa|Copa Mundial de la FIFA Sudáfrica 2010;5;26
Injustice: Dioses entre nosotros;Injustice: Gods Among Us;5;26
VVVVVV;;5;26
Transport Tycoon;;5;26
Breakout;;5;25
Goat Simulator;;5;25
MySims;MySims Racing|MySims Party;5;25
Tom Clancy's Splinter Cell: Conviction;;5;25
RollerCoaster Tycoon;;5;25
INSIDE;;5;25
Icewind Dale;Icewind Dale I;5;25
Jade Empire;;5;25
Zuma;;5;25
Five Nights at Freddy's: Sister Location;FNaF 5|Five Nights at Freddy's 5;5;25
Fallout Shelter;;5;25
SimCity BuildIt;;5;25
Wuthering Waves;;5;25
Star Wars: caballeros de la Antigua República 2: los señores Sith;Star Wars Knights of the Old Republic II: The Sith Lords;5;25
Kanon;;5;25
Los Sims medieval;The Sims Medieval;5;24
Final Fantasy XIII-2;FFXIII-2;5;24
The Witness;;5;24
Dragon Quest;Dragon Quest I;5;24
Mega Man 2;Mega Man II;5;24
Katawa Shoujo;;5;24
SimCity 3000;SimCity 3000 Unlimited;5;24
Flower;;5;24
Angry Birds Epic!;;5;24
RollerCoaster Tycoon 3;;5;24
Prince of Persia 2: The Shadow and the Flame;;5;24
Assassin's Creed II: Discovery;;5;24
Sonic Advance;Sonic N;5;24
Lego Marvel Super Heroes;;5;24
Prison Architect;;5;24
Re-Volt;;5;24
Final Fight;Final Fight One|Final Fight Guy;5;24
Dangan Ronpa;Danganronpa: Trigger Happy Havoc;5;24
Pro Evolution Soccer 2017;PES 2017;5;24
Angry Birds 2;;5;24
Ark: Survival Evolved;;5;24
Baldi's Basics in Education and Learning;;5;24
Poppy Playtime;;5;24
Balatro;;5;24
Tropico 3;;5;23
Game Dev Tycoon;;5;23
Fez;;5;23
Sonic & Sega All-Stars Racing;;5;23
Mario & Sonic at The Olympic Winter Games;;5;23
Street Fighter X Tekken;;5;23
Darkest Dungeon;;5;23
Full Throttle;;5;23
Alone in the Dark;;5;23
Riven;;5;23
The Longest Journey;;5;23
Injustice 2;;5;23
What Remains of Edith Finch;;5;23
Bendy and the Ink Machine;;5;23
Ultimate Custom Night;;5;23
Granny;;5;23
Phoenix Wright: Ace Attorney: Justice for All;Phoenix Wright: Justice For All;5;23
Black Desert;;5;23
Phoenix Wright: Ace Attorney: Trials and Tribulations;Phoenix Wright: Trials And Tribulations;5;22
Angry Birds Space;;5;22
Bejeweled;;5;22
Streets of Rage 2;Streets of Rage II|SoR 2;5;22
Tony Hawk's Pro Skater 2;Tony Hawk Pro Skater 2|THPS2;5;22
Lode Runner;;5;22
Tom Clancy's H.A.W.X.;;5;22
Secret of Mana;;5;22
Valiant Hearts: The Great War;Valiant Hearts;5;22
FNAF World;Five Nights at Freddy's World;5;22
Sniper Elite 4;;5;22
AIR;Air TV;5;22
Little Big Adventure 1;Little Big Adventure|Relentless: Twinsen's Adventure|LBA;5;22
Streets of Rage;Street of race|SoR;5;22
Back to the Future: The Game;Regreso al Futuro: El juego;5;22
Pro Evolution Soccer 2018;PES 2018;5;22
Getting Over It with Bennett Foddy;Getting Over It;5;22
Freddy Fazbear's Pizzeria Simulator;Five Nights at Freddy's 6;5;22
Baba Is You;;5;22
Arknights;;5;22
Zenless Zone Zero;;5;22
Driver;;5;21
Tales of Monkey Island;;5;21
Q*bert;;5;21
Michael Jackson: The Experience;Michael Jackson: The Game;5;21
Ultimate Mortal Kombat 3;UMK3|Ultimate Mortal Kombat Trilogy;5;21
Carmageddon;;5;21
La canción de Saya;The Song of Saya|Saya no Uta;5;21
Dragon Quest VIII;Dragon Quest: El periplo del Rey Maldito;5;21
Sonic the Hedgehog Spinball;;5;21
Don't Starve;;5;21
The Walking Dead: Season Two;The Walking Dead: Season Two (videojuego);5;21
Temple Run 2;;5;21
Lara Croft and the Guardian of Light;;5;21
Centipede;;5;21
Lego Harry Potter: Años 1-4;Lego Harry Potter: Years 1–4;5;21
Gwent: The Witcher Card Game;;5;21
Flashback: The Quest for Identity;Flashback;5;21
Postal;;5;21
King of Glory;Honor of Kings;5;21
Harry Potter: Wizards Unite;;5;21
Sky: Niños de la Luz;Sky: Children of the Light|Sky;5;21
Boulder Dash;;5;21
Paperboy;;5;20
Missile Command;Misile Command;5;20
Apollo Justice: Ace Attorney;Gyakuten Saiban 4;5;20
Bastion;;5;20
The Saboteur;;5;20
James Cameron's Avatar: The Game;James Cameron's Avatar: El Videojuego|Avatar;5;20
Earthworm Jim;;5;20
Sonic the Hedgehog 4: Episodio I;Sonic the Hedgehog 4: Episode I|Sonic the Hedgehog 4: Episodio 1;5;20
Mega Man X;;5;20
Mystery House;;5;20
Monument Valley;Monument Valley 1;5;20
Disney Infinity;;5;20
Brawlhalla;;5;20
Monster Strike;;5;20
Five Nights at Freddy's: Help Wanted;Five Nights at Freddy's 7;5;20
Blue Archive;;5;20
XCOM: Enemy Unknown;;5;20
Lego Batman 2: DC Super Heroes;;5;19
Beneath a Steel Sky;;5;19
Sonic & All-Stars Racing Transformed;Sonic & Sega All-Stars Racing Transformed;5;19
OpenArena;;5;19
Final Fantasy Crystal Chronicles;Final Fantasy Cristal Chronicles;5;19
¿Dónde está mi agua?;Where's My Water?;5;19
El profesor Layton y la villa misteriosa;Professor Layton and the Curious Village;5;19
Puzzle Bobble;Bust-a-Move;5;19
Civilization Revolution;Sid Meier's Civilization Revolution;5;19
Dragon Quest VI: Los reinos oníricos;Dragon Quest VI;5;19
Brothers: A Tale of Two Sons;;5;19
Los Sims FreePlay;The Sims FreePlay;5;19
Borderlands: The Pre-Sequel!;;5;19
SoulCalibur;;5;19
Juego de tronos (videojuego de 2014);;5;19
Lego Pirates of the Caribbean: The Video Game;Lego Pirates of the Caribbean|LEGO Piratas del Caribe: El Videojuego;5;19
Azur Lane;;5;19
Pro Evolution Soccer 2019;PES 2019;5;19
Lego Star Wars: La Saga Completa;Lego Star Wars: The Complete Saga;5;19
R-Type;;5;19
Delta Force;;5;19
Dragon Quest III;Dragon Warrior III|Dragon Quest III: The Seeds of Salvation;5;19
Super Vehicle-001;Metal Slug;5;19
Peggle;;5;18
Cars 2;Cars 2: El Videojuego;5;18
Phantasy Star II;;5;18
Pole Position;;5;18
Ghost Trick: Detective fantasma;Ghost Trick: Phantom Detective|Ghost Trick;5;18
Altered Beast;Jūōki: Project Altered Beast;5;18
Forge of Empires;;5;18
Ikaruga;;5;18
Dragon Warrior VII;Dragon Quest VII|Dragon Quest VII Eden no Senshitachi;5;18
Dragon Warrior II;Dragon Quest II;5;18
Streets of Rage 3;SoR 3|Bare Knuckle III;5;18
Angry Birds Stella;;5;18
Gone Home;;5;18
Hotline Miami 2: Wrong Number;;5;18
Lego Star Wars: El Despertar de la Fuerza;Lego Star Wars: The Force Awakens;5;18
Lightning Returns: Final Fantasy XIII;Lightning Returns: Final Fantasy XIII-3;5;18
FTL: Faster Than Light;;5;18
El principio de Talos;The Talos Principle;5;18
Aquaria;;5;18
Modern Combat 5: Blackout;;5;18
The Escapists;;5;18
Keep Talking and Nobody Explodes;;5;18
diep.io;;5;18
Honkai Impact 3rd;HI3;5;18
Lara Croft go;;5;18
Arena of Valor;AoV;5;18
Hatsune Miku: Colorful Stage!;;5;18
Cookie Run: Kingdom;CRK;5;18
Prince of Persia: La corona perdida;Prince of Persia: The Lost Crown;5;18
Top Eleven Football Manager;;5;18
Vainglory;;5;18
Squad Busters;;5;18
Un vecino infernal 2: De vacaciones;Neighbours from Hell 2: On Vacation;5;18
Angry Birds Go!;;5;18
Dragon Quest X;;5;17
WWE SmackDown vs. Raw 2010;;5;17
Elasto Mania;;5;17
Syberia III;;5;17
F1 2009;Fórmula 1 2009;5;17
Real Racing 3;;5;17
Akalabeth;Akalabeth: World of Doom|Akalabeth: mundo de perdición;5;17
Mappy;;5;17
The Simpsons: Tapped Out;;5;17
Lego Harry Potter: Años 5-7;Lego Harry Potter: Years 5–7;5;17
NBA 2K14;;5;17
F1 2011;;5;17
Theme Park;;5;17
Uplink;;5;17
El profesor Layton y la caja de Pandora;Professor Layton and the Diabolical Box;5;17
M.U.L.E.;;5;17
Dragon Quest V: La prometida celestial;Dragon Quest V|Dragon Quest: The Hand of the Heavenly Bride|Dragon Quest: La Prometida Celestial;5;17
Dragon Quest IV: Capítulos de los Elegidos;Dragon Quest IV|Dragon Quest: Capítulos de los Elegidos;5;17
Bible Black;;5;17
Bejeweled 2;;5;17
Google Santa Tracker;;5;17
Oxenfree;;5;17
WWE 2K15;;5;17
Fate/Grand Order;FGO;5;17
Animal Crossing: Pocket Camp;;5;17
Slay the Spire;;5;17
Henry Stickmin Collection;;5;17
Sifu;;5;17
Sid Meier's Pirates!;;5;17
Detention;;5;17
Ace Attorney Investigations: Miles Edgeworth;Miles Edgeworth: Perfect Prosecutor;5;17
Angry Birds Star Wars 2;Angry Birds Star Wars II;5;17
Botanicula;;5;16
Nine Hours, Nine Persons, Nine Doors;999;5;16
Rez;;5;16
Frozen Bubble;;5;16
Bus Driver;;5;16
"Chaos;Head";;5;16
NBA 2K13;;5;16
Duke Nukem II;Duke Nukem 2;5;16
Duke Nukem: Proyecto Manhattan;;5;16
Legend of Grimrock;;5;16
Pac-Land;;5;16
Muv-Luv;Muv-Luv Unlimited|Muv-Luv Supplement;5;16
Sonic Dash;;5;16
Marvel vs. Capcom 2: New Age of Heroes;MvC2;5;16
Oddworld: Stranger's Wrath;;5;16
I Have No Mouth, and I Must Scream;No Tengo Boca y Debo Gritar;5;16
Asphalt 7: Heat;Asphalt 7;5;16
Phoenix Wright: Ace Attorney – Spirit of Justice;;5;16
The Walking Dead: A New Frontier;;5;16
Sonic Runners;;5;16
Fire Emblem Heroes;;5;16
Dead Cells;;5;16
Diablo Immortal;;5;16
Disney Twisted-Wonderland;;5;16
Amerzone;Amerzone: El Legado del Explorador;5;16
AaaaaAAaaaAAAaaAAAAaAAAAA!!! – A Reckless Disregard for Gravity;;5;16
Sonic the Hedgehog 4: Episode II;;5;16
Everlasting Summer;;5;16
Dust: An Elysian Tail;;5;16
Ace Attorney 5;Phoenix Wright: Ace Attorney – Dual Destinies;5;15
Surgeon Simulator;;5;15
Snow Bros;Snow Bros.: Nick and Tom;5;15
Amazing Alex;;5;15
El profesor Layton y el futuro perdido;Professor Layton and the Unwound Future;5;15
Dungeon defender;Dungeon Defenders;5;15
Burnout Crash!;;5;15
Angry Birds: Friends;;5;15
EA Sports UFC;;5;15
Garou: Mark of the Wolves;Kim Jae Hoon|Kim Dong Hwan;5;15
Karate Champ;;5;15
Karateka;;5;15
Ace Attorney Investigations 2: Prosecutor's Gambit;Gyakuten Kenji 2|Ace Attorney Investigations 2;5;15
Crypt of the NecroDancer;;5;15
Call of Duty: World at War: Zombies;;5;15
Edge;;5;15
Call of Duty: Strike Team;;5;15
Minicraft;;5;15
Ultima IV: Quest of the Avatar;Ultima IV: Búsqueda del Avatar|Ultima IV;5;15
Tales from the Borderlands;;5;15
My Talking Tom;;5;15
Final Fantasy Legend;The Final Fantasy Legend;5;15
Sanitarium;;5;15
1979 Revolution: Black Friday;;5;15
F1 2016;;5;15
Shadow Fight 2;;5;15
Los Sims Móvil;;5;15
Pokémon Quest;;5;15
Surviv.io;;5;15
Thronebreaker: The Witcher Tales;;5;15
Axie Infinity;;5;15
Tower of Fantasy;;5;15
Her Story;;5;15
Batman: The Telltale Series;;5;15
Samurai Shodown II;;5;15
Chip's Challenge;;5;15
Virtua Fighter 2;;5;14
NBA 2K12;;5;14
Diner Dash;;5;14
Sonic Jump;;5;14
Danganronpa 2: Goodbye Despair;;5;14
Super Hexagon;;5;14
Transistor;;5;14
Mass Effect Galaxy;;5;14
The King of Fighters XIII;KOF XIII;5;14
Parque Jurásico: El videojuego;Jurassic Park: The Game;5;14
Asphalt 5;;5;14
Double Dragon III: The Rosetta Stone;Double Dragon 3: The Rosetta Stone;5;14
Ecco the Dolphin;Ecco Dolphin;5;14
The Amazing Spider-Man 2;;5;14
Shining Force;Shining Force: The Legacy of Great Intention;5;14
Asphalt 6: Adrenaline;Asphalt 6;5;14
Blade & Soul;;5;14
Deponia;La Fuga de Deponia;5;14
Granblue Fantasy;;5;14
Fran Bow;;5;14
Anomaly: Warzone Earth;;5;14
Lego El Señor de los Anillos;Lego The Lord of the Rings|Lego Lord of the Rings: The Videogame;5;14
Rally-X;;5;14
The Cave;;5;14
The Banner Saga;;5;14
Danganronpa V3: Killing Harmony;;5;14
LEGO Batman 3:Beyond Gotham;LEGO Batman 3: Mas allá de Gotham;5;14
Oddworld: Munch's Oddysee;;5;14
Columns;;5;14
Iron Man 2;;5;14
Reigns;;5;14
Planetarian: Chiisana Hoshi no Yume;Planetarian: The Reverie of a Little Planet;5;14
Syphon Filter;;5;14
Metal Slug 2: Super Vehicle - 001/II;Metal Slug 2;5;14
Broken Age;;5;14
Harry Potter: Hogwarts Mystery;;5;14
Artifact;;5;14
House Flipper;;5;14
Princess Connect! Re:Dive;PC!Re:Drive;5;14
Pokémon Masters EX;;5;14
Pokémon Sleep;;5;14
Little Misfortune;;5;14
WorldBox;;5;14
Decentraland;;5;14
New State Mobile;PUBG: New State;5;14
Return to Monkey Island;;5;14
Goat Simulator 3;;5;14
Call of Duty: Warzone 2.0;Warzone 2.0;5;14
Goddess of Victory: Nikke;Nikke: Goddess of Victory|Nikke;5;14
PangYa;;5;14
Defender of the Crown;;5;14
The Settlers IV;;5;14
Trine 2;;5;14
Deus Ex: The Fall;;5;14
Hitman: Sniper;;5;14
Florence;;5;14
Identity V;;5;14
Gabriel Knight: Lucha Contra Las Fuerzas Sobrenaturales;Gabriel Knight: Sins of the Fathers;5;14
SkiFree;;5;14
Raptor: Call of the Shadows;;5;13
Tyrian;;5;13
Mafia Wars;;5;13
Metal Slug 3;;5;13
ChuChu Rocket!;;5;13
The Amazing Spider-Man;El Sorprendente Hombre-Araña;5;13
Dracula: Resurrection;Drácula Resurección;5;13
Death Rally;;5;13
Bonk's Adventure;PC Genjin;5;13
Line Rider;;5;13
Double Dragon II: The Revenge;Double Dragon 2: The Revenge;5;13
Superfrog;;5;13
Las aventuras de Tintín: El secreto del Unicornio;The Adventures of Tintin: The Secret of the Unicorn;5;13
Darius;;5;13
Alien Hominid;Alien Hominid HD;5;13
Fight Night Champion;;5;13
Londres 2012;London 2012;5;13
Game Dev Story;;5;13
Ensemble Stars!;;5;13
The Walking Dead: Michonne;;5;13
Football Manager 2013;;5;13
Criminal Case;;5;13
"Chaos;Child";;5;13
Ys I;;5;13
First Touch Soccer;FTS;5;13
Girls' Frontline;;5;13
El misterioso viaje de Layton: Katrielle y la conspiración de los millonarios;Layton's Mystery Journey: Katrielle and the Millionaires' Conspiracy|Layton's Mystery Journey|Lady Layton;5;13
Asphalt Xtreme;;5;13
Summer Pockets;;5;13
Golden Axe III;Golden Axe 3;5;13
Wonder Boy III: The Dragon's Trap;Wonder Boy 3: La Trampa del Dragón;5;13
MySims Kingdom;;5;13
Angry Birds Transformers;;5;13
Assassin's Creed: Identity;;5;13
Marvel Future Fight;Marvel Pelea Futura|Future Fight;5;13
Hitman Go;;5;13
SINoALICE;;5;13
Pokémon: Magikarp Jump;Magikarp Jump;5;13
Angels of Death;Satsuriku no Tenshi;5;13
Mr Love: Queen's Choice;;5;13
Bob Esponja: Battle for Bikini Bottom – Rehydrated;SpongeBob SquarePants: Battle for Bikini Bottom – Rehydrated;5;13
Sayonara Wild Hearts;;5;13
eFootball PES 2021;Wining Eleven 2021|WEPES 2021;5;13
Dave the Diver;;5;13
Little Inferno;;5;13
Luxor;;5;13
QWOP;;5;13
Shin Megami Tensei;;5;13
World of Tanks Blitz;;5;13
Growtopia;;5;13
Human Resource Machine;;5;13
Mad Dog McCree;;5;13
The King of Fighters '98;The King of Fighters '98: The Slugfest|KOF '98;5;12
Mini Ninjas;;5;12
Worms;;5;12
Infinity Blade;;5;12
Theatrythim Final Fantasy;Theatrhythm Final Fantasy;5;12
Halo: Spartan Assault;;5;12
SaGa Frontier;;5;12
Split/Second;;5;12
Asphalt: Urban GT;;5;12
Rise of the Triad;;5;12
Godus;;5;12
Saw;Saw The Videogame;5;12
The Typing of the Dead;Flick of the Dead;5;12
Stronghold Kingdoms;;5;12
Bejeweled 3;;5;12
Kentucky Route Zero;;5;12
Kingdom Hearts χ;;5;12
Fatal Fury Special;;5;12
Space Ace;;5;12
Spy vs. Spy;;5;12
Romancing SaGa;;5;12
The Great Ace Attorney: Adventures;The Great Ace Attorney;5;12
NBA 2K15;;5;12
Guitar Hero Live;;5;12
911 Operator;operador de 911 juego;5;12
The Battle of Polytopia;;5;12
The Escapists 2;;5;12
F1 2018;;5;12
NBA 2K19;;5;12
AI Dungeon 2;AI Dungeon;5;12
Coffee Talk;;5;12
Pokémon Café ReMix;;5;12
Townscaper;;5;12
Unpacking;;5;12
De Blob;;5;12
Paradise;Last King of Africa;5;12
Puzzle Quest: Challenge of the Warlords;;5;12
Gorogoa;;5;12
Talking Angela;;5;12
Survivalcraft;;5;12
I am Bread;;5;12
The Elder Scrolls: Legends;;5;12
Old School RuneScape;;5;12
Rules of Survival;;5;12
Chuchel;;5;12
Football Manager 2019;;5;12
Mindustry;;5;12
Dota Underlords;;5;12
The Exit 8;;5;12
Love and Deepspace;;5;12
Microsoft Solitaire Collection;Solitaire & Casual Games;5;12
