respuesta;alias;nivel;personas_con_ese_nombre_ine
Iker;;1;1000000000
Aitor;;1;999999999
Unai;;1;999999998
Ane;;1;999999997
Nerea;;1;999999996
Leire;;1;999999995
Mikel;;1;999999994
Jon;;1;999999993
Ainhoa;;1;999999992
Iñaki;;1;999999991
Amaia;;1;999999990
Ander;;1;999999989
Markel;;1;999999988
Irati;;1;999999987
Asier;;1;999999986
Begoña;;1;37204
Ainara;;1;26272
Iñigo;;1;21728
Leyre;;1;16256
Julen;;2;14779
Xabier;;2;13461
Gorka;;2;13203
Itziar;;2;12779
Maite;;2;12127
Eneko;;2;11071
Igor;;2;9338
Ibai;;2;8730
Aritz;;2;8288
Aimar;;2;8267
Edurne;;2;8165
Naia;;2;7992
Estibaliz;;2;7947
Nahia;;2;7905
Arantxa;;2;7042
Oier;;2;6879
Imanol;;2;6731
Nagore;;2;6563
June;;2;6498
Andoni;;2;6329
Idoia;;2;6295
Iratxe;;3;6232
Maider;;3;6232
Josu;;3;6138
Maialen;;3;5998
Izaskun;;3;5872
Uxue;;3;5822
Joseba;;3;5765
Naroa;;3;5729
Eider;;3;5099
Haizea;;3;4436
Miren;;3;4427
Beñat;;3;4380
Olatz;;3;4378
Maitane;;3;4343
Unax;;3;4133
Saioa;;3;4076
Ibon;;3;3992
Izaro;;3;3953
Oihane;;3;3874
Gaizka;;3;3686
Irune;;3;3677
Janire;;3;3393
Lander;;3;3228
Maddi;;3;3220
Aitziber;;3;3219
Garazi;;3;3189
Nekane;;3;3127
Enara;;3;3098
Arkaitz;;3;3090
Jone;;3;3067
Endika;;3;3067
Urko;;3;3006
Oihan;;3;2971
Iraia;;3;2883
Olaia;;3;2828
Ekaitz;;3;2789
Alazne;;3;2718
Arantza;;3;2668
Arantzazu;;3;2632
Danel;;3;2530
Lorea;;3;2403
Zuriñe;;3;2372
Hodei;;3;2303
Itxaso;;3;2218
Alaia;;3;2217
Malen;;3;2217
Jokin;;3;2140
Oihana;;3;2083
Egoitz;;3;2080
Amets;;3;2058
Ekain;;4;1952
Aner;;4;1944
Alaitz;;4;1893
Eneritz;;4;1793
Aintzane;;4;1779
Elene;;4;1725
Josune;;4;1691
Koldo;;4;1664
Arrate;;4;1609
Garbiñe;;4;1599
Peio;;4;1521
Kepa;;4;1501
Luken;;4;1431
Aratz;;4;1348
Haritz;;4;1346
Libe;;4;1292
Patxi;;4;1263
Enaitz;;4;1242
Itsaso;;4;1206
Manex;;4;1191
Izar;;4;1181
Udane;;4;1164
Ainhize;;4;1129
Urtzi;;4;1109
Nahikari;;4;1039
Agurtzane;;4;1032
Erlantz;;4;1018
Eñaut;;4;1004
Ixone;;4;997
Aiala;;4;996
Jare;;4;988
Iraitz;;4;981
Peru;;4;968
Aiora;;4;922
Aingeru;;4;921
Lur;;4;905
Laida;;4;889
Odei;;4;876
Ziortza;;4;874
Aitzol;;4;865
Galder;;4;828
Karmele;;4;822
Jagoba;;4;817
Larraitz;;4;771
Adur;;4;769
Zigor;;4;757
Araitz;;4;735
Xabi;;4;733
Ugaitz;;4;731
Oinatz;;4;720
Lide;;4;679
Hegoi;;4;671
Mirari;;4;647
Gotzon;;4;640
Txomin;;4;623
Amaiur;;4;610
Kerman;;4;579
Edorta;;4;574
Xuban;;4;572
Lierni;;4;561
Amagoia;;4;542
Sendoa;;4;518
Xabat;;4;517
Ager;;4;512
Intza;;4;502
Ilargi;;4;501
Koldobika;;4;499
Eki;;4;486
Kimetz;;4;485
Anartz;;4;473
Zaloa;;5;460
Joanes;;5;440
Goizane;;5;413
Kattalin;;5;410
Antxon;;5;396
Gari;;5;385
Inar;;5;376
Kateriñe;;5;369
Aiert;;5;352
Onintza;;5;348
Zuhaitz;;5;348
Gontzal;;5;344
Eukene;;5;342
Mattin;;5;342
Antton;;5;298
Karlos;;5;291
Bittor;;5;287
Aketza;;5;281
Tasio;;5;250
Ikerne;;5;249
Usoa;;5;236
Hegoa;;5;227
Mertxe;;5;226
Jurgi;;5;224
Amalur;;5;221
Bingen;;5;211
Harkaitz;;5;206
Katixa;;5;198
Sorkunde;;5;190
Ekhiñe;;5;187
Mikele;;5;175
Eritz;;5;175
Goizeder;;5;173
Estívaliz;;5;171
Jabier;;5;169
Bakarne;;5;148
Zihara;;5;142
Asel;;5;119
Ortzi;;5;119
Inazio;;5;114
Hiart;;5;113
Ganix;;5;106
Itxaro;;5;102
Zuria;;5;100
Ignazio;;5;92
Josebe;;5;91
Xanti;;5;90
Txema;;5;88
Joxe;;5;75
Txaro;;5;74
Jurdan;;5;67
Hibai;;5;64
Oskitz;;5;56
Bixente;;5;55
Lohitzune;;5;52
García;;5;48
Eba;;5;45
Feliz;;5;44
Danele;;5;43
Hur;;5;38
Ifigenia;;5;33
Mikela;;5;32
Ysidro;;5;31
Sustrai;;5;29
Migel;;5;24
Erramun;;5;24
Jakue;;5;23
Domeka;;5;22
Ygnacio;;5;22
Filotea;;5;0
Landa;;5;0
Ximeno;;5;0
Urraca;;5;0
Antso;;5;0
Onneca;;5;0
Erlea;;5;0
Babesne;;5;0
Bonifazio;;5;0
Azeari;;5;0
Lon;;5;0
Piarres;;5;0
Juanes;;5;0
Otxoa;;5;0
Esco;;5;0
Gartzea;;5;0
Ianhire;;5;0
Zuhar;;5;0
Ihalar;;5;0
Ramuntxo;;5;0
Asisko;;5;0
Luixa;;5;0
Gurutzi;;5;0
Frantzisko;;5;0
Baleren;;5;0
Guanes;;5;0
Bizente;;5;0
Ostaizka;;5;0
Errodrigo;;5;0
Jazinta;;5;0
Bauptista;;5;0
Joachin;;5;0
Ygnacía;;5;0
Anttonia;;5;0
Zoil;;5;0
Ikoitz;;5;0
Pazis;;5;0
Sahatsa;;5;0
Taxio;;5;0
Orti;;5;0
Tota;;5;0
Antsa;;5;0
Semeno;;5;0
Urraka;;5;0
Txus;;5;0
Lurra;;5;0
Katariñe;;5;0
Iholdi;;5;0
Peli;;5;0
