respuesta;alias;nivel;puntuacion_visitas
España;;1;1000000000
Reino Unido;Inglaterra;1;999999999
Marruecos;;1;999999998
Bélgica;;1;999999997
Países Bajos;Holanda;1;999999996
Suecia;;1;999999995
Noruega;;1;999999994
Dinamarca;;1;999999993
Mónaco;;1;999999992
Japón;;1;999999991
Arabia Saudita;Arabia Saudí;1;999999990
Canadá;Norteamérica Británica|Dominio de Canadá;2;981.5
Australia;Mancomunidad de Australia;2;974.0
Emiratos Árabes Unidos;United Arab Emirates|EAU;2;955.5
Nueva Zelanda;New Zealand|Nueva Zelandia;2;953.0
Tailandia;Thailand|Reino de Tailandia;2;919.5
Andorra;Principado de Andorra;2;919.5
Catar;Qatar|Estado de Catar;2;917.0
Malasia;Malaysia;2;914.0
Liechtenstein;Principado de Liechtenstein;3;909.0
Omán;Sultanato de Omán;3;901.0
Baréin;Bahrain|Reino de Baréin|Bahréin;3;898.0
Luxemburgo;Luxembourg|Gran Ducado de Luxemburgo;3;896.5
Ciudad del Vaticano;Vatican City|Estado de la Ciudad del Vaticano|Santa Sede|Vaticano;3;890.5
Belice;Belize;3;886.0
Suazilandia;Eswatini|Reino de Suazilandia|Reino de Esuatini|Esuatini;3;873.5
Camboya;Cambodia|Reino de Camboya;3;872.0
Bahamas;The Bahamas|Mancomunidad de las Bahamas;4;864.5
Kuwait;Estado de Kuwait;4;863.5
Bután;Bhutan|Reino de Bután;4;858.5
Brunéi;Estado de Bruney Darussalam|Estado de Brunéi, Morada de la Paz|Bruney;4;852.0
San Cristóbal y Nieves;Saint Kitts and Nevis|Federación de San Cristóbal y Nieves;4;830.0
Antigua y Barbuda;Antigua and Barbuda;4;824.0
Lesoto;Lesotho|Reino de Lesoto|Reino de Lesotho;4;823.0
Santa Lucía;Saint Lucia;5;822.5
San Vicente y las Granadinas;Saint Vincent and the Grenadines;5;805.5
