respuesta;alias;nivel;puntos_historicos
Real Madrid CF;Madrid|Real Madrid;1;5129
FC Barcelona;Barça|Barsa|Barcelona|Fútbol Club Barcelona;1;5031
Club Atlético de Madrid;Atleti|Atlético|Atlético de Madrid;1;4122
Athletic Club;Athletic|Athletic de Bilbao|Bilbao;1;3850
Valencia CF;Valencia|Valencia Club de Fútbol;1;3850
Sevilla FC;Sevilla|Sevilla Fútbol Club;1;3327
RCD Espanyol de Barcelona;Español|Espanyol de Barcelona|Real Club Deportivo Espanyol|Espanyol;2;3086
Real Sociedad de Fútbol;Real Sociedad|la Real|Sociedad|Fútbol;2;3075
Real Betis Balompié;Betis;2;2399
RC Celta de Vigo;Celta de Vigo|Real Club Celta de Vigo|Celta|Vigo;2;2208
Real Zaragoza;Zaragoza;2;2109
CA Osasuna;Osasuna|Club Atlético Osasuna;2;1683
Real Valladolid CF;Valladolid|Real Valladolid Club de Fútbol;2;1641
Villarreal CF;Villarreal|Villarreal Club de Fútbol;2;1511
Real Racing Club de Santander;Racing|Racing de Santander|Santander;2;1415
RCD Mallorca;Mallorca|Real Club Deportivo Mallorca;2;1400
Real Sporting de Gijón;Sporting|Sporting de Gijón|Gijón;2;1389
Real Oviedo;Oviedo;2;1203
UD Las Palmas;Las Palmas|Unión Deportiva Las Palmas;3;1114
Getafe CF;Getafe|Getafe Club de Fútbol;3;976
Rayo Vallecano de Madrid;Rayo|Rayo Vallecano|Vallecano;3;925
Granada CF;Granada|Granada Club de Fútbol;3;828
Málaga CF;Málaga|Málaga Club de Fútbol;3;791
Deportivo Alavés;Deportivo|Alavés;3;757
Elche CF;Elche|Elche Club de Fútbol;3;752
Levante UD;Levante|Levante Unión Deportiva;3;673
CD Málaga;Club Deportivo Málaga;3;540
Hércules de Alicante CF;Hércules de Alicante|Hércules de Alicante Club de Fútbol|Hércules|Alicante;3;538
CD Tenerife;Tenerife|Club Deportivo Tenerife;3;510
Cádiz CF;Cádiz|Cádiz Club de Fútbol;3;499
Real Murcia CF;Murcia|Real Murcia Club de Fútbol;3;445
UD Salamanca;Salamanca|Unión Deportiva Salamanca;3;377
CE Sabadell FC;Sabadell|Centre d'Esports Sabadell Futbol Club;3;353
SD Eibar;Eibar|Sociedad Deportiva Eibar;3;302
UD Almería;Almería|Unión Deportiva Almería;3;301
Girona FC;Girona|Girona Futbol Club;4;300
CD Logroñés;Logroñés|Club Deportivo Logroñés;4;293
CD Castellón;Castellón|Club Deportivo Castellón;4;285
Albacete Balompié;Albacete;4;257
Córdoba CF;Córdoba|Córdoba Club de Fútbol;4;230
CD Leganés;Leganés|Club Deportivo Leganés;4;199
SD Compostela;Compostela|Sociedad Deportiva Compostela (1962-2006);4;190
Recreativo de Huelva;Recre|Real Club Recreativo de Huelva|Recreativo|Huelva;4;188
Burgos CF;Burgos|Burgos Club de Fútbol (1936);4;168
Pontevedra CF;Pontevedra|Pontevedra Club de Fútbol;4;150
CD Numancia de Soria;Numancia de Soria|Club Deportivo Numancia de Soria|Numancia|Soria;4;148
Arenas Club;Arenas;4;107
Real Burgos CF;Real Burgos Club de Fútbol;4;96
Gimnàstic de Tarragona;Club Gimnàstic de Tarragona|Gimnàstic|Tarragona;4;91
CF Extremadura;Extremadura|Club de Fútbol Extremadura;4;83
CP Mérida;Mérida|Club Polideportivo Mérida;5;81
CD Alcoyano;Alcoyano|Club Deportivo Alcoyano;5;76
Real Jaén CF;Jaén|Real Jaén Club de Fútbol;5;71
SD Huesca;Huesca|Sociedad Deportiva Huesca;5;67
Real Unión Club;Unión;5;56
AD Almería;Agrupación Deportiva Almería;5;52
CE Europa;Europa|Club Esportiu Europa;5;42
UE Lleida;Lleida|Unió Esportiva Lleida;5;40
Xerez CD;Xerez|Xerez Club Deportivo;5;34
CD Condal;Condal|Club Deportivo Condal;5;22
Club Atlético de Tetuán;Atlético de Tetuán|Tetuán;5;19
Cultural y Deportiva Leonesa;Cultural|Deportiva|Leonesa;5;14
