respuesta;alias;nivel;visitas_wikipedia_en
Rolex;;1;999999999
Casio;G-Shock|Casio G-Shock;1;999999999
Swatch;;1;999999999
Apple;Apple Watch;1;999999999
Omega;;1;999999999
Lotus;;1;999999999
Festina;;1;999999999
Seiko;;1;999999999
Cartier;;1;999999999
Tissot;;1;999999999
TAG Heuer;Tag|Heuer;2;999999998
Viceroy;;2;999999998
Citizen;;2;999999998
Garmin;;2;999999998
Samsung;Galaxy Watch|Samsung Galaxy Watch;2;999999998
Tous;;2;999999998
Guess;;2;999999998
Fossil;;2;999999998
Michael Kors;;2;999999998
Daniel Wellington;;2;999999998
Longines;;2;999999998
Breitling;;2;999999998
Patek Philippe;Patek;2;999999998
Hublot;;2;999999998
Calvin Klein;CK;2;999999998
Tommy Hilfiger;Tommy;2;999999998
Armani;Emporio Armani|Giorgio Armani|Armani Exchange;2;999999998
Hugo Boss;Boss;2;999999998
Lacoste;;2;999999998
Xiaomi;Mi Band|Xiaomi Watch|Redmi Watch;2;999999998
Huawei;Huawei Watch;2;999999998
Fitbit;;2;999999998
Timex;;2;999999998
Flik Flak;;2;999999998
Hamilton;;2;999999998
Rado;;2;999999998
Cluse;;2;999999998
Mark Maddox;;2;999999998
Radiant;;2;999999998
Sandoz;;2;999999998
Duward;;2;999999998
Marea;;2;999999998
Calypso;;2;999999998
Jaguar;;2;999999998
Swarovski;;2;999999998
Tudor;;2;999999998
Audemars Piguet;AP;2;999999998
Bulgari;Bvlgari;2;999999998
Montblanc;;2;999999998
IWC;IWC Schaffhausen|International Watch Company;3;999999997
Panerai;Officine Panerai;3;999999997
Zenith;;3;999999997
Jaeger-LeCoultre;Jaeger;3;999999997
Vacheron Constantin;Vacheron;3;999999997
Chopard;;3;999999997
Piaget;;3;999999997
Richard Mille;;3;999999997
Franck Muller;;3;999999997
Baume & Mercier;Baume et Mercier|Baume;3;999999997
Oris;;3;999999997
Mido;;3;999999997
Bulova;;3;999999997
Invicta;;3;999999997
Diesel;;3;999999997
Police;;3;999999997
Skagen;;3;999999997
Swiss Military;Swiss Military Hanowa|Hanowa;3;999999997
Victorinox;;3;999999997
Ice-Watch;;3;999999997
Komono;;3;999999997
Nixon;;3;999999997
Suunto;;3;999999997
Polar;;3;999999997
Amazfit;;3;999999997
Withings;;3;999999997
Bell & Ross;Bell and Ross;3;999999997
Maurice Lacroix;;3;999999997
Raymond Weil;;3;999999997
Frederique Constant;;3;999999997
Movado;;3;999999997
Gucci;;3;999999997
Chanel;;3;999999997
Hermès;;3;999999997
Louis Vuitton;;3;999999997
Dior;;3;999999997
Versace;;3;999999997
Burberry;;3;999999997
Lorus;;3;999999997
Pulsar;;3;999999997
Adidas;;3;999999997
Nike;;3;999999997
Puma;;3;999999997
Kronos;;3;999999997
Cuervo y Sobrinos;;3;999999997
Maserati;;3;999999997
Ferrari;Scuderia Ferrari;3;999999997
Certina;;3;999999997
Candino;;3;999999997
Orient;;3;999999997
Nowley;;3;999999997
Cauny;;3;999999997
Potens;;3;999999997
Dogma;;3;999999997
Thermidor;;3;999999997
Justina;;3;999999997
Racer;;3;999999997
Time Force;;3;999999997
Pierre Cardin;;3;999999997
Paul Hewitt;;3;999999997
Rosefield;;3;999999997
Olivia Burton;;3;999999997
MVMT;;3;999999997
Pandora;;3;999999997
Aristocrazy;;3;999999997
Majorica;;3;999999997
Uno de 50;;3;999999997
Breguet;;3;999999997
Blancpain;;3;999999997
Glashütte Original;Glashutte;3;999999997
A. Lange & Söhne;Lange;3;999999997
Grand Seiko;;3;999999997
Ulysse Nardin;;3;999999997
Girard-Perregaux;;3;999999997
Sector;Sector No Limits;3;999999997
Breil;;3;999999997
Liu Jo;;3;999999997
Pepe Jeans;;3;999999997
Mr. Wonderful;;3;999999997
Geox;;3;999999997
Superdry;;3;999999997
Vostok;;3;999999997
Luminox;;3;999999997
Junghans;;3;999999997
Nomos;Nomos Glashütte;3;999999997
Jacob & Co;Jacob and Co;3;999999997
Harry Winston;;3;999999997
Tiffany;Tiffany & Co.;3;999999997
Van Cleef & Arpels;Van Cleef;3;999999997
Ebel;;3;999999997
Roger Dubuis;;3;999999997
Corum;;3;999999997
Titan Company;;3;1100977
LVMH;;3;905041
Prada;;4;277536
Dolce & Gabbana;;4;203164
HMT Limited;;4;169892
Fendi;;4;166329
Valentino;;4;166313
Timex Group USA;;4;154164
Hamilton Watch Company;;4;129637
Favre-Leuba;;4;107510
Bottega Veneta;;4;101387
Tom Ford;;4;93905
Invicta Watch Group;;4;78424
Pebble;;4;75210
ZX81;;4;73339
DKNY;;4;66455
Nautica;;4;66429
Cesare Paciotti;;4;62029
F. P. Journe;;4;59298
David Yurman;;4;58238
French Connection;;4;53434
Zodiac;Zodiac Watches;4;53051
COROS Wearables;COROS Wearables Inc;4;52801
Salvatore Ferragamo;;4;51101
Moschino;;4;47422
Elgin National;Elgin National Watch Company;4;45285
Fastrack;;4;41010
The Holy Trinity;;4;40141
Waltham Watch Company;;5;38324
Rip Curl;;5;38087
Tommy Bahama;;5;37090
Smiths;Smiths Group;5;36025
Christopher Ward;;5;34907
Wenger;;5;29633
Polar Electro;;5;29558
Mathey-Tissot;;5;29083
Universal Genève;;5;28389
Boucheron;;5;27967
Sekonda;;5;27300
Ingersoll Watch Company;;5;25859
Tianjin Seagull;;5;24660
Shinola;;5;23688
Bremont;;5;20897
Alba;;5;20688
Roberto Cavalli;;5;20457
Raketa;;5;20365
Buccellati;;5;19140
Parmigiani Fleurier;;5;18883
Ball Watch Company;;5;18356
Sinn;;5;18324
Mouawad;;5;17845
Rotary;Rotary Watches;5;17690
Poljot;;5;17200
Skagen Denmark;;5;16237
Watches of Switzerland;;5;16214
Kenneth Cole Productions;;5;16110
Mondaine;;5;15943
Benrus;;5;15412
Hyderabad Allwyn;;5;14724
Czapek & Cie;;5;13911
Greubel Forsey;;5;13889
Cyma Watches;;5;13294
MVMT Watches;;5;13255
Eterna;;5;13247
Versus;;5;13140
Pobeda;;5;13047
Roamer of Switzerland;;5;12716
Momo;;5;12631
Nivada;;5;12435
Amfibia;;5;12407
Harmont & Blaine;;5;12283
Armitron;;5;12266
Solvil et Titus;;5;11952
Jules Jürgensen;;5;11805
Nelsonic Industries;;5;11540
Thomas Sabo;;5;11385
Damiani;Damiani Group;5;10757
Red or Dead;;5;10477
Laura Biagiotti;;5;10434
Cortébert;;5;10419
Squale;Squale Watches;5;10419
D1 Milano;;5;9940
Technos;;5;9795
Venezianico;;5;9696
Blufin;;5;9472
Bovet Fleurier;;5;9334
Gruen Watch Company;;5;9321
LIP;;5;9257
Laco Uhrenmanufaktur;;5;9235
Marathon;Marathon Watch;5;9232
Stowa;;5;9216
De Grisogono;;5;9002
MB&F;;5;8882
Daniel Roth;;5;8864
Accurist;;5;8660
Doxa;Doxa SA;5;8609
Fortis;Fortis Watches;5;8600
Mühle Glashütte;;5;8537
West End;West End Watch Co.;5;7803
Molnija;;5;7595
Hanhart;;5;7556
Concord;Concord Watch;5;7548
Laurent Ferrier;;5;7253
Folli Follie;;5;7144
The Hour Glass;;5;7015
Miss Sixty;;5;6989
Era Watch Company;;5;6987
Langendorf Watch Company SA;;5;6976
Titoni;;5;6951
PRIM;;5;6911
Cabot Watch Company;;5;6816
Tutima;;5;6741
Unisonic Products;Unisonic Products Corporation;5;6620
Revue Thommen;;5;6611
Chronoswiss;;5;6423
Slava watches;;5;6304
Vostok Europe;;5;6221
Petrodvorets Factory;Petrodvorets Watch Factory;5;6159
E. Howard & Co.;;5;6140
Misfit;;5;6129
Lilienthal Berlin;;5;6111
Moritz Grossmann;;5;6104
Rocco Barocco;;5;6099
Bianchet;;5;5931
Frey Wille;;5;5879
Epos;;5;5878
Armand Nicolet;;5;5869
Louis Erard;;5;5742
E. Ingraham;E. Ingraham Company;5;5654
Bedat & Co;;5;5609
Rhythm;Rhythm Watch;5;5542
Chaika;Chaika watches;5;5527
Glycine;Glycine Watch;5;5510
88 Rue du Rhone;;5;5506
Rodania;;5;5411
Gerald Charles;;5;5381
Charriol;;5;5369
Dueber-Hampden;Dueber-Hampden Watch Company;5;5111
Ernest Borel;;5;5079
Ronda;;5;5079
H. Moser & Cie.;;5;4928
Black, Starr & Frost;;5;4889
TX Watch Company;;5;4817
Ikepod;;5;4700
Endura Factory;Endura Watch Factory;5;4692
Galt & Bro.;;5;4655
Dan Henry;Dan Henry Watches;5;4610
Zeno- Basel;Zeno-Watch Basel;5;4608
UnoAErre;;5;4460
TW Steel;;5;4425
Furlan Marri;;5;4364
Dent;;5;4331
E. Gluck;E. Gluck Corporation;5;4260
Eberhard & Co.;;5;4249
Zanuti;;5;4245
Ressence;;5;4217
Morellato;Morellato Group;5;4185
Grovana;;5;4100
Dennison;Dennison Watch;5;4093
ToyWatch;;5;4081
RockWatch;;5;3939
MeisterSinger;;5;3917
Farer;;5;3822
Damasko;;5;3805
Alexander Shorokhoff;;5;3753
O bag;;5;3736
Cortina;Cortina Watch;5;3681
Juvenia;;5;3542
D. Dornblüth & Sohn;;5;3444
Arcadia;Arcadia Watches;5;3164
Dubey & Schaldenbrand;;5;3031
Romain Gauthier;;5;2997
Speake-Marin;;5;2970
Yema;;5;2916
Jean Perret;;5;2906
Ollech & Wajs;;5;2890
Binda;Binda Group;5;2881
Pequignet;;5;2777
HYT;;5;2577
Mariella Burani Fashion;Mariella Burani Fashion Group;5;2536
Cimier;;5;2512
Giorgio Galli;;5;2493
Carrera y Carrera;;5;2482
Leijona;;5;2481
Lang & Heyne;;5;2477
Maitres du Temps;;5;2472
Locman;;5;2464
SevenFriday;;5;2448
Dreffa;;5;2411
Backes & Strauss;;5;2201
Vestal;Vestal Watches;5;2136
Jowissa;;5;2133
ADINA Watches;;5;2107
Catorex;;5;2063
Parnis;Parnis Watches;5;2059
Beyer & Jewellery;Beyer Watches & Jewellery;5;2052
SHARK Sport;SHARK Sport Watch;5;2036
Christian Jacques;;5;2021
Schwarz Etienne;;5;1968
Orfina;;5;1949
Bozeman Watch Company;;5;1939
Thomas Mercer Chronometers;;5;1896
Linde Werdelin;;5;1892
Hampden;Hampden Watch;5;1796
Luch;;5;1773
Manufacture Royale;;5;1737
WeWOOD;;5;1716
Regina pocket;Regina pocket watches;5;1712
Berna;;5;1669
South Bend;South Bend Watch Company;5;1667
Purnell;;5;1641
JC Biver;;5;1616
MetaWatch;;5;1598
Torrini;;5;1536
Söner Watches;;5;1523
Joseph Fahys & Co.;;5;1503
Valbray;;5;1475
Jorg Gray;;5;1449
Bausele;;5;1388
Kleynod;;5;1382
Curtis Australia;;5;1379
Alor;;5;1372
Patria;;5;1268
Ochs und junior;;5;1264
Charles Oudin;;5;1213
Memorigin;;5;1209
Halda Watch Company;;5;1199
Reguladora;;5;1197
Century Time Gems;;5;1197
Cecil Purnell;;5;1188
Kyboe;;5;1167
Martian;Martian Watches;5;1158
The Abingdon Co.;;5;1139
Time Hill;;5;1116
EganaGoldpfeil (Holdings);EganaGoldpfeil (Holdings) Ltd.;5;1087
Le Cheminant;;5;1056
Joseph Windmills;;5;1021
Hoptroff;;5;1003
Temption;;5;987
The Keystone Watch Case Co.;;5;962
Thomas Frederick Cooper;;5;773
Modify;Modify Watches;5;757
Blanchet;;5;748
Carlo Ferrara;;5;721
Elliot Brown;Elliot Brown Watches;5;718
Zarya;;5;684
Tsovet Time Instruments;;5;660
Kreyos;;5;596
John Player clockmakers;;5;502
Obrey;;5;487
Phenix Watch Company;;5;347
Gerald Genta;;5;319
Chronovski;;5;284
Vertex Watches Limited;;5;212
ALB Watches;;5;109
Swiss Jewel;;5;2
Meister-Anker;;5;0
Adriatica;;5;0
Anonimo;;5;0
Aquastar;;5;0
Cacharel;;5;0
Debacq & Cie;;5;0
Le Roy et fils;;5;0
Maison Maquet;;5;0
Marithé et François Girbaud;;5;0
Nina Ricci;;5;0
Kienzle Uhren;;5;0
Cooke and Kelvey;;5;0
