respuesta;alias;nivel;suscriptores_youtube
Ibai;Ibai Llanos;1;1000000000
El Rubius;elrubiusOMG;1;999999999
AuronPlay;Auron;1;999999998
Vegetta777;Vegetta;1;999999997
Willyrex;;1;999999996
TheGrefg;Grefg;1;999999995
Illojuan;LMDShow;1;999999994
Mikecrack;;1;999999993
Dulceida;;1;999999992
Luisito Comunica;;1;999999991
DjMaRiiO;DjMario;2;1000000000
Wismichu;;2;999999999
Dalas;Dalas Review;2;999999998
Jordi Wild;El Rincón de Giorgio;2;999999997
Luzu;;2;999999996
Lolito;Lolito Fdez;2;999999995
Alexby;Alexby11;2;999999994
Mangel;Mangelrogel;2;999999993
sTaXx;;2;999999992
Cristinini;;2;999999991
Papi Gavi;;2;999999990
Paracetamor;;2;999999989
Xokas;;2;999999988
Biyín;;2;999999987
Nil Ojeda;;2;999999986
Plex;YoSoyPlex;2;999999985
Spursito;;2;999999984
DelantEro09;Delantero;2;999999983
xBuyer;;2;999999982
Perxitaa;;2;999999981
Gemita;;2;999999980
ElMariana;Mariana;2;999999979
Juan Guarnizo;;2;999999978
Rivers;;2;999999977
Ari Gameplays;;2;999999976
Germán Garmendia;HolaSoyGerman;2;999999975
Fernanfloo;;2;999999974
Ampeter;;2;999999973
Karchez;;2;999999972
Reven;;2;999999971
Folagor;;2;999999970
Knekro;;2;999999969
Masi;;2;999999968
Outconsumer;;2;999999967
Werlyb;;2;999999966
Sezar Blue;;2;999999965
Zorman;;2;999999964
Loulogio;;2;999999963
Hamza Zaidi;;2;999999962
Jaime Altozano;;2;999999961
QuantumFracture;;2;999999960
Ter;;2;999999959
Patry Jordan;;2;999999958
Verdeliss;;2;999999957
Lizy P;;2;999999956
Marta Díaz;;2;999999955
Lola Lolita;;2;999999954
Abi Power;;2;999999953
Violeta Mangriñán;;2;999999952
Roenlared;;2;999999951
Carlos Ríos;;2;999999950
Sergio Peinado;;2;999999949
Luzugames;;3;1000000000
Gona89;Gona;3;999999999
Byviruzz;Viruzz;3;999999998
Mister Jägger;Jagger;3;999999997
Momo;;3;999999996
Aroyitt;;3;999999995
Silithur;;3;999999994
Tanizen;;3;999999993
Zeling;;3;999999992
Agustin51;;3;999999991
Orslok;;3;999999990
Felipez;;3;999999989
Ander Cortés;;3;999999988
Shooter;;3;999999987
ElChurches;;3;999999986
Sara Sabaté;;3;999999985
Abby;;3;999999984
Nia;;3;999999983
Ricoy;;3;999999982
Carola;;3;999999981
Peereira7;;3;999999980
IamCristinini;;3;999999979
Elded;;3;999999978
Elyas360;;3;999999977
Pol Gise;;3;999999976
ByTarifa;;3;999999975
Robert PG;;3;999999974
Xurxo Carreño;Charles Clapone;3;999999973
CdeCiencia;Martí Montferrer;3;999999972
Date un Vlog;;3;999999971
El Robot de Platón;;3;999999970
La Gata de Schrödinger;;3;999999969
Antroporama;;3;999999968
Tri-line;;3;999999967
Chuster;;3;29700000
Las Ratitas;;3;25800000
Nahz;;3;22100000
Albertisment;;3;19600000
Alextis;;3;18900000
Quantum Tech HD;;3;18400000
TadeVlogs;;3;18100000
Paul Ferrer Z;;3;17400000
YoSoyCactus;;3;16700000
Acenix;;3;16700000
augusto wtf;;3;16600000
Makiman131;;3;16400000
El Chico Estrella;;3;15500000
Iker Unzu;;3;15100000
iTownGamePlay;iTownGamePlay *Terror&Diversión*;3;15100000
YoSoyZnd;;3;14500000
Rubius Z;;3;14300000
ViiZ;;3;14200000
DaniRep;DaniRep | +6 Vídeos Diarios De GTA 5 Online!;3;13900000
gymvirtual;;3;13700000
Pablo Pol;;3;13000000
Dani itss;;3;12900000
Little Baby Bum en Español;;3;12500000
Jordan Zapatillas;;3;12200000
TikTak Draw;;3;11600000
ExpCaseros;;3;11200000
WooHoo ES;;3;10900000
YERRIKILLERXD;;3;10700000
Trolero;;3;10600000
León Picarón;;3;10600000
Toro Travieso;;3;10500000
Inmagic;;3;10500000
Hechos No Contados;;3;10200000
ZarcortGame;;3;10000000
Pies Misterioso;;3;10000000
BreakMan;;3;9710000
MikelTube;;3;9660000
Sparta356;;3;9600000
Awita;;3;9570000
PituX;;3;9420000
DeiK;;3;9360000
Tecnonauta;;3;9090000
Karina & Marina;;3;9080000
Maestro Cerebro;;3;9030000
Alan;;3;8720000
Itarte Vlogs;;3;8600000
Footy Manero;;3;8550000
MatWolf16;;3;8540000
Mikecrack Fans;;3;8490000
Jardred;;3;8400000
Mi Historia Animada;;3;8350000
Massi;;3;8290000
Funny Stop Motion videos;;3;8060000
Rovi23;;3;8020000
byHerrera;;3;7940000
TheShooterCoc;;3;7910000
Mujerdebuenapasta;;3;7860000
Chocoblox;;3;7750000
WhiteZunder;;3;7550000
SEGAS;;3;7330000
xTurbo;;3;7180000
The Wild Project;;3;7150000
CRAZY CASA;;3;6980000
Escardi Fandubs;;3;6980000
Sorpresas Divertidas;;3;6920000
FisioOnline;;3;6840000
VALMASEDA;;3;6720000
ARSEL;;3;6720000
Goblin Buddies;;3;6700000
San Pito Pato;;3;6690000
Jordi Koalitic;;3;6600000
iamSanna;;3;6600000
Experimentar En Casa;;3;6580000
Fran MG;;3;6520000
Buen Karma;;3;6500000
Marryto SHOW;;3;6490000
BÚHO SABIO;;3;6490000
Imperio de jesus;;3;6360000
Ludwig flim;;3;6320000
jessus_20;;3;6300000
Ideas en 5 minutos DIY;;3;6270000
ARTA GAME;;3;6230000
HolySoundscape;;3;6200000
Miguel ASSAL;;3;6150000
Salva;;3;6150000
UVE;;3;6130000
MyAnielo;;3;6120000
Ampeterby7;;3;6090000
xFaRgAnx YT;;3;6060000
One More Spanish;;3;6030000
Hechos Ondas;;3;6020000
Manucraft;;3;5980000
Viktor Cuentos;;3;5970000
Smile and Learn;Smile and Learn - Español;3;5970000
Nacho;;3;5930000
Pirueta show;;3;5920000
MTS cortos;;3;5860000
Danny;;3;5840000
Teterry;;3;5840000
Lethal Crysis;;3;5820000
DaniRep Happy;;3;5800000
bysTaXx;;3;5790000
AlesGF;;3;5590000
Pedro Palencia;;3;5480000
Berios;;3;5440000
Lorantes;;3;5440000
patty dragona;;3;5380000
Anna recetasfaciles;;3;5340000
NexxuzHD;;3;5320000
Esttik;;3;5310000
Las Aventuras de Dani y Evan;;3;5270000
Exi;;3;5230000
Dagar;;3;5210000
KillerCreeper55;KillerCreeper55 - Minecraft;3;5190000
SAASHA;;3;5170000
dibusYmas;;3;5140000
Logan G;;3;5130000
GuidoFTO;;3;5120000
Lain Garcia Calvo;;3;5110000
Secretos de la Vida;;3;5110000
Entrena con Sergio Peinado;;3;5100000
InesaPlays;;3;5070000
El Gato de Alan;;3;5060000
Bartolito;;3;5060000
Elias Dosunmu;;3;5050000
AntonioYT;;3;5030000
Quantastic;;3;5000000
Joaquín Pajarón;Joaquinputoamo;4;999999965
Borja Pavón;;4;999999964
Uy Albert;;4;999999963
TheKoreanDude;;4;999999962
Korah;;4;999999961
RickyEdit;;4;999999960
Soy una pringada;Esty Quesada;4;999999958
Rush Smith;;4;999999957
Wall Street Wolverine;;4;999999956
Roma Gallardo;;4;999999955
Un Tío Blanco Hetero;;4;999999954
Ibai Vegan;;4;999999953
Nate Gentile;;4;999999952
Eric Ruiz;;4;999999951
Clipset;;4;999999950
Topes de Gama;;4;999999949
SupraPixel;;4;999999948
Dayo;;4;999999947
Alvaro845;;4;999999946
Chuso Montero;;4;999999945
Eva Soriano;;4;999999944
Andrea Compton;;4;999999943
Miare;;4;999999942
Herrejón;;4;999999941
Kidd Keo;;4;999999940
Mostopapi;;4;999999939
ByAbeel;;4;999999938
Twin Melody;;4;999999937
Naim Darrechi;;4;999999936
Sofía Surferss;;4;999999935
Marina Rivers;;4;999999934
Ruslana;;4;999999933
Hornstromp en Español;;4;4780000
DonFuria;;4;4770000
AlphaSniper97;;4;4760000
Didac Ribot;;4;4740000
YoSoyNicoLas;;4;4690000
BIBO TOYS ESP;;4;4670000
THE CORVUS CLAN;;4;4650000
Blixy;;4;4620000
jiajunyin2;;4;4600000
GuitarHeroStyles;;4;4590000
El Espía;;4;4590000
Nexxuz World;;4;4580000
BersGamer;;4;4570000
HumorMuyArtificial;;4;4550000
Fisper;;4;4530000
DRAW MY LIFE en Español;;4;4530000
Marcos Sacristán;Marcos Sacristán | Fisioterapia a tu alcance;4;4510000
Martinez Twins;;4;4490000
Sergio Jurado;;4;4480000
Folagor03;;4;4470000
DIBUJOS FELICES;;4;4470000
Fredy 4K;;4;4410000
Cuby;;4;4400000
tagelis;;4;4380000
vMario;;4;4380000
ALEXITY;;4;4350000
Hardy;;4;4340000
Multi DO Challenge Spanish;;4;4340000
¡Que Viva La Cocina!;;4;4330000
Lovely Ela;;4;4290000
JWulen;;4;4270000
123 GO! SCHOOL Spanish;;4;4270000
Detección Metálica;;4;4240000
ArteMaster;;4;4240000
Martina D Antiochia;;4;4190000
Susana Yábar;;4;4190000
Risaventuras;;4;4160000
CarlosCastle;;4;4160000
FamilyTube;;4;4140000
jessus_20 shorts;;4;4130000
TeamNico;;4;4090000
Quiero Cupcakes;;4;4070000
Arantxa Parreño;;4;4050000
8cho;;4;4050000
Jordi ENP;;4;4000000
Alberto del Arco;;4;3970000
GoDeiK;;4;3960000
Agua Fresquita;;4;3960000
ElCromas;;4;3950000
Tru-la-la CANDY ART;;4;3930000
WithZack;;4;3900000
atack3000;;4;3890000
Adrián Sáenz;;4;3870000
YoSoyLoki;;4;3830000
La Cocina Del Pirata;;4;3820000
Cocina Para Todos;;4;3820000
La Resistencia por Movistar Plus+;;4;3780000
hechos nolan;;4;3770000
VisualPolitik;;4;3760000
Pro Android;;4;3720000
Academia Play;;4;3710000
ShaunTrack;;4;3690000
Trufa La Salchicha;;4;3680000
Swaggy;;4;3680000
Graciositto;;4;3670000
Virtumaniacos;;4;3620000
ZENZING CLIPS;;4;3600000
The MarZy;;4;3600000
Multi DO Spanish;;4;3590000
Ricoz;;4;3580000
Gorrino;;4;3580000
Juan Perez;;4;3520000
The Crazy Haacks;;4;3520000
TOBBALink;;4;3520000
Atraviesa lo desconocido;;4;3500000
Bouncer Power;;4;3490000
TheExaL04;;4;3490000
Recetas de Esbieta;;4;3480000
Álex Segura LR;;4;3450000
Plop ES;;4;3430000
Modern Mend;;4;3420000
DanoMC;;4;3390000
Vandal;;4;3360000
The Youman Show;;4;3360000
Butch El Sabio;;4;3300000
Zazza el italiano;;4;3290000
ExpertoAnimal;;4;3280000
ExpCaserosMix;;4;3270000
EL PAÍS;;4;3260000
KraoESP;;4;3260000
SlippyCat ES;;4;3250000
The Tade;;4;3230000
Jugando con Aby;;4;3230000
Tremending girls;;4;3220000
Alba Dubai;;4;3210000
Nintendúo;;4;3210000
AndrosLB;;4;3190000
Mementoe;;4;3150000
PopperCraft;;4;3130000
Marryto;;4;3130000
Peque Música;;4;3120000
Tuiwok Talento;;4;3120000
Andrés Andel;;4;3100000
Un Rapidito;;4;3070000
Jonata 26;;4;3050000
Explicaciones Virales;;4;3050000
Iván M;;4;3050000
Ray Bacon;;4;3040000
MyAnielo Short;;4;3030000
EspaFacts;;4;3010000
Rulas 47;;4;2990000
Dafar_xd;;4;2990000
Vanesa Basanta;;4;2960000
Sento Farmacéutico;;4;2960000
Lola Patatin;Lola Patatin - Cuentos Infantiles;4;2950000
Pam Divina;;4;2950000
Happy Learning Español;;4;2950000
Mentiroso;;4;2940000
Aldara y Alex;;4;2900000
Cuby Shorts;;4;2900000
La Cocina de Loli Dominguez;;4;2900000
Julen;;4;2900000
ZellenDust;;4;2880000
elxokas;;4;2850000
Anikilo;;4;2840000
¿Dónde está Chicky?;¿Dónde está Chicky? - Dibujos Animados en español;4;2820000
Mundo Desconocido;;4;2820000
Galleta Friki;;4;2820000
Fozi Mozi Español;;4;2800000
DraknART;;4;2800000
Vamos DenLion;;4;2800000
El Mundo de Clodett;;4;2800000
Hora de DIY;Hora de DIY * Hoy No Hay Cole *;4;2800000
INNOVA manualidades;;4;2800000
TinenQa;;4;2790000
Wine XD;;4;2790000
Hector Ruiz;;4;2790000
NatyGloss Gym;;4;2790000
ToonVerseES;;4;2780000
La Fábrica de la Innovación LlegaExperimentos;;4;2760000
Amigos de Aventuras;;4;2740000
Enfermero Jorge Angel;;4;2730000
Películas Soleadas;;4;2720000
RTVE Play;;4;2700000
Danny Kenobi;;4;2700000
Verificación de Realidad;;4;2690000
Chocodogger;;4;2670000
Menos Trece;;4;2660000
CECI DOVER Vocal Coach;;4;2660000
RTVE Noticias;;4;2620000
REGORTREAD;;4;2610000
BlueLagoonz;;4;2600000
Kreenzo;;4;2590000
DivertiGuay;;4;2590000
La Hiperactina;;4;2590000
Chewy ES;;4;2580000
Danielamooorales;;4;2570000
El Mundo de Slivki;;4;2570000
WIDLER SOLDIER;;4;2570000
H3ctoRuiz Roblox;;4;2570000
Alvaro De Linares;;4;2540000
Annie Vega;;4;2530000
Vladi & Marta;;4;2520000
Diario AS;;4;2520000
Hiper;;4;2520000
Historias de animación;;4;2520000
BySixx;;4;2510000
Luh;;4;2500000
Wekas;;4;2480000
El canal de Korah;;4;2480000
Karin Herrero;;4;2460000
Mapaxe;;4;2460000
Dutygameplays;;4;2460000
TropiBlox;;4;2460000
Jon Sinache;;4;2440000
Andrés Perfume-Man;;4;2430000
Apixelados;;4;2420000
Mentour Pilot;;4;2400000
Miricraft;;4;2390000
ABlistering;ABlistering - Dinosaurios juegos variedad;4;2390000
Daniela Golubeva;;4;2390000
Bboymoreno92;Bboymoreno92 - Minecraft troll trampas;4;2380000
Urionfit;;4;2370000
DRAKOTAKO CHANNEL;;4;2370000
Videópatas;;4;2370000
BaRaDa Spanish;;4;2370000
El Día Después por Movistar Plus+;;4;2350000
Mika Sofi BOMS;;4;2340000
Kratosworld;;4;2330000
365BOCETOS;;4;2330000
La Vanguardia;;4;2320000
Eugenio Monesma;Eugenio Monesma - Documentales;4;2320000
TheKalo;;4;2290000
Revoltosa Recoletas;;4;2280000
Marryto VIP;;4;2270000
DarkPlayer GamingTV;;4;2260000
SUPERDivertilandia;;4;2250000
TiparracoSA;;4;2250000
Curiossel;;4;2240000
Doctor Fisión;;4;2230000
tekendo;;4;2230000
CincoCurios;;4;2220000
YoSoyPlex Too;;4;2210000
DylanMC;;4;2180000
Sapo Travesso;;4;2180000
ElRichMC;ElRichMC - Minecraft & Gaming a otro nivel;4;2160000
Rey Enigma;;4;2150000
TOTY23DIEZ;;4;2130000
TONIFERO;;4;2130000
byJuanmi;;4;2110000
AwitaDos;;4;2090000
Marki;;4;2090000
Alicia Gameplays;;4;2090000
Fisiolution;;4;2090000
Daniela Baby Pink;;4;2080000
UN DATO AL DIA;;4;2060000
TuAppleMundo;;4;2030000
FlexCidine;;4;2020000
PokeR988TV;;4;2020000
Dakidissa S.;;4;2020000
Charly Sinewan;;4;2020000
Max The Husky;;4;2010000
Tade Dos;;4;2010000
Miree;;4;2000000
CatGameplays;;4;2000000
DSimphony;;4;1990000
Grandes ABC Para Niños;;4;1990000
MisteriosOcultosTv;;4;1990000
Freduart;;4;1970000
JollyArts;;4;1970000
Watch me ESP;;4;1960000
Alexa C;;4;1960000
Viti Tauro;;4;1950000
PinkFate Games;;4;1940000
MetaBallStudios;;4;1940000
Magik;;4;1920000
Vicens;;4;1920000
Rene ZZ;;4;1910000
Elo YT;;4;1910000
Celopan;;4;1910000
Dagar Roblox;;4;1900000
Familia Carameluchi;;4;1900000
Momentos Divertidos;;4;1890000
LaLaBla;;4;1880000
Hornstromp FNF 3D;;4;1870000
FilmSelect Español;;4;1870000
Las Recetas de MJ;;4;1870000
RIKIFAMILY;;4;1850000
alexelcapo;;4;1840000
Daniela Go Family;;4;1840000
Yippee Family;;4;1830000
Lady Pecas;;4;1820000
Vicio ONE MORE TIME!!!!;;4;1810000
Hermanos Tremending;;4;1810000
Pinkynayeli;;4;1810000
Xataka;;4;1800000
Jeyx;;4;1790000
Paula Díaz;;4;1780000
Lo Mejor De Abrahaham;;4;1770000
Galesote;;4;1770000
CREATIVE Juega!;;4;1770000
Breaking Vlad;;4;1740000
Vm granmisterio;;4;1740000
Yaqoob 78;;4;1730000
Tomex;;4;1730000
La Chica Bona;;4;1710000
Memorias del Fútbol;;4;1710000
Miriam Random;;4;1700000
Ricardo y Mariela;;4;1700000
Eurogamerspain;;4;1700000
LunaDangelis;;4;1690000
Kuki;;4;1690000
Doctor Shorts;;4;1670000
polmanzan;;4;1670000
PaRaRa Spanish;;4;1660000
Cris Kyle;;4;1650000
canalsur;;4;1650000
trendinganimals;;4;1650000
Fabricando;;4;1650000
Ray Snakeyes;;4;1640000
Gallet;;4;1630000
Resúmenes de HA;;4;1630000
KratosRama;;4;1630000
FAMTOONIES EN ESPAÑOL;;4;1620000
Las Aventuras de Lana;;4;1620000
CoolThings;;4;1620000
Fútbol Emotion;;4;1610000
El caracol;;4;1600000
Burpee_vet;;4;1590000
Vania Mania ESP;;4;1590000
JWulen 2;;4;1580000
HelldogMadness;;4;1580000
BlackMisy;;4;1580000
DIVER+;;4;1570000
SergioEleven;;4;1570000
TOBBAL SHORTS;;4;1560000
Acércate a Rocío;;4;1560000
TurboBlox;;4;1550000
Messi TheBoss;;4;1550000
Teatro de Super Pareja;;4;1540000
Flick Fin studio;;4;1540000
Verdadera Seduccion;;4;1540000
Cade;;4;1530000
unComo;;4;1530000
Zakabous;;4;1520000
Chiringuito Inside;;4;1520000
El Chico Luna;;4;1520000
Elisa True Crime;;4;1520000
TeenDO Spanish;;4;1510000
POST UNITED;;4;1500000
HornstrompBR;;4;1500000
Davisuuarez2;;4;1480000
Los Polo!;;4;1480000
Miguelillo_RL;;4;1480000
solybici;;4;1480000
Josemicod5;;4;1480000
Santy Elias;;4;1470000
Enes Soybaş;;4;1470000
Jynfits;;4;1460000
Escenas en Breve;;4;1460000
Luis A.;;4;1460000
MrGummon;;4;1460000
Delacruzphto;;4;1450000
Clínica Avance Dental;Clínica Avance Dental - Alcobendas;4;1440000
Samu Barber;;4;1440000
Cine en Minutos;;4;1440000
Draw The Life TikTak;;4;1440000
Daniela Shorts;;4;1430000
Timberteamhdpm;;4;1420000
Telemadrid;;4;1420000
CooLifeGame;;4;1420000
Boy Bach;;4;1420000
Manita Chucherias;;4;1410000
Antón Lofer;;4;1410000
BraxXter;;4;1410000
DAZN ES;;4;1400000
SoyWelix;;4;1400000
Ultimate Productions;;4;1390000
Monirosky;;4;1380000
Tekton Centro Televisivo;Tekton Centro Televisivo - Canal Youtube Católico;4;1380000
José Mota;;4;1370000
NilcoBax Ω;;4;1366987
Nacho Roblox;;4;1360000
Los Gameplays de Nico;;4;1360000
Cristiano Uncovered;;4;1340000
Iker Unzu Shorts;;4;1340000
Crocodualyt;;4;1340000
elxokas SHORTS;;4;1320000
Wate Tomate;;4;1320000
Yosoyjosema;;4;1320000
SN Challenge;;4;1320000
Sigma Monkey;;4;1310000
De todo un Paco;;4;1290000
JapCuentos;;4;1290000
Mateo Fútbol;;4;1290000
Sergindsegasonic;;4;1290000
PLANETA MÍA;;4;1290000
Nil OGT;;4;1290000
The Legazz;;4;1280000
Miguelnon;;4;1270000
RicharBetaCode;;4;1270000
TEKENDO GAMES;;4;1270000
Flowstreet;;4;1270000
BlueWolf_YT;;4;1270000
AprendeYDivierTT;;4;1260000
3DJuegos;;4;1260000
Maya Mary Mia Familia;;4;1260000
FULL TOP'S;;4;1260000
Los Juegos de Dani y Evan;;4;1250000
GENuINE993;;4;1250000
MIANNN;;4;1250000
Mago;;4;1240000
Las Recetas & Trucos de Anna;;4;1240000
Clan;;4;1220000
Dawid PescaSubmarina;;4;1220000
Mundo Maldini;;4;1220000
Rubinho vlc;;4;1220000
ResumenByte;;4;1220000
BENIJUGOSO;;4;1220000
AlexChipi11;;4;1210000
RTVE Series;;4;1210000
Latidos Reales;;4;1200000
LadyAbril;;4;1200000
Insider Español;;4;1200000
eLCris;;4;1190000
Melanie Guanipa;;4;1180000
CREATIVE Shorts!;;4;1180000
LibertadDigital;;4;1170000
Smartiel ESP;;4;1170000
Simbeli;;4;1170000
Cuentos de Feephin;;4;1160000
exo;;4;1160000
TeenChallenge Spanish;;4;1160000
Supera El Desafio;;4;1150000
AlofokeTVshow;;4;1140000
La Voz Antena 3;;4;1130000
SXGARRA;;4;1130000
Gerçekler Dalgalar 2.0;;4;1130000
Valentí Sanjuan;;4;1130000
AndoniFitness;;4;1130000
Casares;;4;1130000
Fan12;;4;1130000
James;;4;1120000
Naddia;;4;1120000
Deîak;;4;1120000
Ismael Lemais;;4;1110000
RITOKER;;4;1110000
not Otzdarva;;4;1110000
Cartoon Games;;4;1110000
TEKENDO JUEGA;;4;1100000
Gemelos Viajeros;;4;1100000
Marius Lekker;;4;1100000
Ender Recarged;;4;1100000
PANDARRA PROJECT;;4;1090000
Mrhugo;;4;1090000
Jimmy;Jimmy -Zona de pruebas;4;1090000
ReahGaming;;4;1090000
COPE;;4;1070000
Animales Calavera;;4;1070000
Cultura Española;;4;1060000
TheSpeCialBradPiTTo;;4;1060000
Go Buster en Español;;4;1060000
Anthouse;;4;1050000
The Method;;4;1040000
Retos y Risas con Lola y Lolo;;4;1040000
Chincha Rabiña;;4;1040000
Víctor Sanchego;;4;1030000
Revival Plus;;4;1030000
carwow.es;;4;1030000
Chares con Teresa;;4;1020000
CuriosidadesDelMundo;;4;1020000
Leyendas del Anime;;4;1010000
Juega Jesús;;4;1010000
Espongi;;4;1010000
Movistar Plus+;;4;1010000
Zarola Ki;;4;1000000
Me Gustan Las Series Turcas;;5;997000
coches.net;;5;991000
Pistons Brothers;;5;989000
Matty Sanchez;;5;989000
Izan95;;5;979000
Periodista Digital;;5;975000
Legacy en Español;;5;972000
CuteDoodlesOfficial;;5;967000
Futbolísimo;;5;955000
Familia Amiguindy;;5;947000
playz;;5;941000
KNekroGamer;;5;922000
Love Is in the Air;Love Is in the Air - Llamas A Mi Puerta;5;919000
Cadres;;5;917000
Telenovelaspain;;5;914000
Gele Rodrigo;;5;912000
Adri Contreras;;5;887000
Makina;;5;881000
NALUCHI VLOG;;5;879000
Cygnus y Romantic Vlogs;;5;878000
Delicious Martha;;5;870000
Juakin y Gaby;;5;866000
Xoan Ramos;;5;862000
Late Motiv en Movistar+;;5;857000
JajaToys;;5;856000
SpidyFilms;;5;855000
Cygnus y Romantic;;5;852000
Seegi Español;;5;848000
Lizzbo;;5;846000
Milagrosos Cortos;;5;846000
Juan Dávila;;5;841000
Léo Raconte;;5;838000
ESP.Shorox;;5;837000
Azogue_elea;;5;836000
Football Time;;5;835000
ValbuenaGames;;5;830000
Castilla-La Mancha Media;;5;830000
Adriamarcor;;5;826000
Diario Público;;5;823000
Paul de los Santos;;5;817000
Búho Hophop;;5;814000
Alatreus;;5;812000
Domestika;;5;809000
MR CUENTOS;;5;809000
Aventura Taurina;;5;807000
Mateo Álvarez;;5;806000
BaityLive;;5;793000
Miguel Ruiz Calvo;;5;788000
Wedry;;5;785000
Alejandro Pérez;;5;781000
PERFECT LIFE;;5;779000
SAMU Juega;;5;778000
¿Que Fué de...?;;5;777000
Team Aventuras;;5;775000
Trisayla;;5;770000
Babyclay Funny cartoons;;5;762000
Fútbol con Javliyo;;5;751000
CadenaJuanjoVlog;;5;749000
Historias de Tim;;5;747000
paulacurrass;;5;747000
Patrulla Madrid;;5;742000
Antonio Gutiérrez;;5;738000
Peppaventuras;;5;736000
Aprobado a la primera;;5;733000
Rig Studio;;5;727000
Cabeza de teia IA;;5;726000
ElAnalistaDeBits;;5;725000
Almohajir SM سفيان المرزوقي;;5;724000
FAMOSA;;5;721000
Cine en Breve;;5;721000
Flipadatos;;5;711000
GarrasReales;;5;710000
Mi Alter Edu;;5;707000
¡HOLA!;;5;705000
Viv y Denny;Viv y Denny - ¡Español para niños!;5;704000
josemaria_lpz;;5;698000
JULIA VELCHEVA-LUTAK;;5;695000
DanielFez;;5;695000
Ingeniero Espacial;;5;691000
Mancuer;;5;684000
Mar Negro;Mar Negro - Fugitiva;5;678000
Alba Benavente;;5;676000
Horcus;;5;675000
CYNTHIA SHORTS;;5;669000
Putin.crematoxdovich;;5;668000
Universo de gatitos;;5;664000
Marcos Albajez López;;5;656000
Falbak;;5;655000
ElysianWares;;5;649000
Abelmalinois_;;5;649000
Una maestra con clase;;5;641000
Kerios;;5;641000
BySiete;;5;639000
EpicCorto;;5;634000
Choosey;;5;632000
Hada de Fresa;;5;630000
mixwell;;5;628000
Fake Gurus;;5;626000
Camisetas Futbol Sorpresa;;5;625000
Fanáticos Real Madrid;;5;625000
Benzoza;;5;624000
El Punto Blanco;;5;611000
Pascual GF;;5;603631
Kirian Mirabet Vidiella;;5;598000
Dorrego Animaciones;;5;597000
Patos 3d;;5;595000
Josefa M. REINA;;5;594000
JuanCarlosDQ;;5;591000
henrychannel;;5;585000
SILVANA REBOLLO;;5;582000
ROME REPORTS en Español;;5;581000
Un Día Normal;;5;575000
Ricard Garcia;;5;574000
Sayo Game;;5;574000
LIDLEspana;;5;557000
Vodafone yu;;5;556000
Pobersito;;5;555000
iBOOP Peluche;;5;550000
JAVIER GL;;5;547000
Astiavo;;5;542000
Tiempo de Juego COPE;;5;542000
ArrozyDesgracias;;5;540000
Animals lovers;;5;537000
Gerçekleri üflüyor;;5;537000
Natha;;5;531000
Bertetti Melu;;5;528000
RaseNarra 2;;5;527000
Ultima Hora;;5;524000
Trucética;;5;524000
Pantomima Full;;5;520000
Juanki Municio;;5;514000
Roma Shayk-IN;;5;503000
Gael Epico;;5;503000
Quim Fàbregas. Travel & Cultures of World.;;5;502000
La Vida Moderna;;5;500000
Ja Bonita Fábrica;;5;494000
Espatok;;5;493000
Roberto Vaquero;;5;489000
hear america;;5;477000
spicy4tuna;;5;471000
DAGRAMA PRODUCCIONES;;5;470000
Karagül;Karagül - Rosa Negra;5;470000
Diana Martínez;;5;467000
Míster Seitán;;5;465000
Código: YAJO;;5;464000
Draco;;5;456000
gomez nawer;;5;448000
Ubietoo;;5;421000
Humor;;5;415000
Fernandor;;5;410000
Whassiadas;;5;408000
You jaja;;5;398000
Onda Cero;;5;397000
Las 1000 curiosidades;;5;396000
AutoKarma;;5;390000
Doble;;5;386000
Valor y Verdad en la Arena;;5;385000
RubiEleven緑;;5;381000
Gufy Roblox;;5;381000
FAMOSA International;;5;378000
Reysa 2;;5;372000
GranCanariaTv.com;;5;370000
Historias de Osuke;;5;362000
Judith Arias;;5;362000
Peep En Español;;5;361000
Planet Canoe;;5;344000
Quesadacid;;5;336000
Miley Nation;;5;325000
ROYAL SPORTS;;5;317000
wAnDoY;;5;304000
Rodrigo Quesada;;5;301000
Pocket Racers;;5;292000
Charms;;5;289000
SirMaza;;5;287000
Gestmusic We Are Banijay;;5;287000
Mirada Singular;;5;284000
Shakira Snowy Wolf;;5;282000
JustBasket;;5;278000
Mariano y punto;;5;261000
RNationTrap;;5;250000
VIBZEE Spanish;;5;242000
Ascore.futbol;;5;242000
El Balón de Icaro;;5;232000
Zona Fútbol;;5;232000
reformas creativas;;5;216000
NeedHelpChess;;5;216000
INQUIETAMENTEesp;;5;197000
Archivo Invisible;;5;195000
Moivega;;5;184000
OliverSpa77 GamingChannel;;5;183000
Synervex ES;;5;147000
Isaac serrano;;5;142000
ACCIONA;;5;136000
Inés Hernand;Inés Risotas|Inés Hernández;5;0
Penélope Guerrero;;5;0
Clover Bish;Ariadna Congost Quesada;5;0
Elena Herraiz;Linguriosa|Helena Herraiz|Elena Herraiz Medina;5;0
Carolina Iglesias;Percebes y Grelos|Carolina Iglesias Mosquera;5;0
Daniel Barreiro;;5;0
Elsa Ruiz;;5;0
Noemí Casquet;;5;0
Carmina Barrios;Josefina del Carmen Barrios Huertas;5;0
Mikel Herrán;PutoMikel|Mikel Herrán Subiñas;5;0
Marta Sibina;Marta Sibina Camps;5;0
Nee Barros Fernández;Neeumatiko|Nee Barros;5;0
Silvia Cebolla;Silvia Cebolla Civil;5;0
Wismchu;Ismael Prego Botana|Ismael Prego;5;0
Aida Domènech;;5;0
Lory Money;Dara Dia;5;0
Carles Tamayo;Tamayo|Carles Tamayo Rico;5;0
José Luís Crespo Cepeda;Pepelu;5;0
Juan González Gómez;Obijuan|Gónzalez-Gómez, Juan|Gonzalez-Gomez, J.;5;0
Melo Moreno;Leo Moreno García|YellowMellow;5;0
Antonio García Villarán;García Villarán|Antonio García;5;0
Mauricio-José Schwarz;Mauricio Schwarz;5;0
Pol Turrents;Polispol|Pol Turrents Alonso;5;0
Óscar Reyes;;5;0
Xana Lavey;Raquel López Eugenio|Raquel Eugenio;5;0
Isaac Sánchez;Loulogio Pi|Lou;5;0
Pilar Carracelas;Pilar Carracelas Argiz;5;0
Curricé;Zanahorio|MrCurrice;5;0
Javier Ruescas;;5;0
Leonor Lavado;;5;0
Nerea Sanfe;;5;0
Gerard Romero;;5;0
Mayichi;"Maite Carrillo|Maite ""Mayichi"" Carrillo";5;0
Ofèlia Carbonell Torrents;offxelia|Ofèlia Carbonell;5;0
Clara Moraleda;;5;0
Paula Gonu;Paula González Núñez;5;0
Marc Lesan Morillas;Marc Lesan;5;0
Álvaro Ojeda Sacalechuga;Álvaro José Ojeda Sacalechuga|Ojeda;5;0
Maria Rovira i Lastra;Oye Sherman;5;0
Isa Calderón;Isabel Calderón Peces-Barba|Isabel Calderón|Isa Calderón Peces-Barba;5;0
Rocío Vidal;Rocío Vidal Menacho;5;0
Judith Tiral;;5;0
Nico Abad;;5;0
Mario Marzo;;5;0
John Cobra;Mario Vaquero Garcés|El Cobra;5;0
Irene Nortes;;5;0
Daniel Valero;Tigrillo;5;0
Elesky;;5;0
Brianeitor;Brian Albacete Oliver|Brian;5;0
Tony Mateo Chamorro;;5;0
Txaber Allué;El Cocinero Fiel;5;0
Paco Sanz;Francisco José Sanz González de Martos;5;0
Olga Margallo;Olga Margallo Martínez;5;0
Víctor Abad;Víctor Abad Garcés;5;0
Manuel Bohajar;Keunam;5;0
Marta Botet;;5;0
JPelirrojo;Juan miguel flores|JPelirojo|JP;5;0
Juliana Canet i Pedemonte;Juliana Canet;5;0
Joan Grivé i Grau;;5;0
Àngela Mármol;;5;0
Miquel Montoro Fons;;5;0
Byre;Oliver Byre|ibyrehd|ibyre;5;0
Miss Tagless;;5;0
Gal·la Martí;;5;0
LittleRagerGirl;;5;0
Lucía de la Puerta;Lucía de la Puerta Uribe;5;0
Neus Rossell i Mas;;5;0
Berta Aroca i Chica;;5;0
Alán Barroso;Alán Barroso Arrufat;5;0
Alberto Caballero;;5;0
Marta Meneu;;5;0
Farners Pei Hong;;5;0
Filòloga de Guàrdia;Aida Roca;5;0
Jorge Rey;;5;0
Mario Peláez-Fernández;Sassy Science|Mario Peláez;5;0
Joan Anton Català;Joan Anton Català Amigó;5;0
Bamf Comic Freaks;;5;0
Sergi Gifre Miralles;Trufault, Sergi Trufault;5;0
Antonio Muñoz de Mesa;;5;0
Rubén Martín;Rubén-Martín Martos Pérez;5;0
Jefe de la M;Buck Fernández|Bobby Lo|Aitor Millán Fernández;5;0
Valeria Corrales;;5;0
Miguel Ángel Román;;5;0
Mia Skylar;;5;0
Begoña Gerpe;Begoña Gerpe Álvarez;5;0
Malbert;;5;0
Rodrigo González Fáez;;5;0
Patricia Heredia;Patricia Heredia Gil;5;0
Xavi Muñoz;munyoki;5;0
Ernesto Castro;Ernesto Castro Córdoba;5;0
Pau de ponts;;5;0
Nerea Arriola Urberuaga;;5;0
Imanol Epelde;;5;0
Long Li Xue;;5;0
Jandro Lion;;5;0
Miquel Blázquez Font;Miquel Blázquez;5;0
Reborn_Live;Reb|Reborn;5;0
Aina Monferrer Palmer;;5;0
Pol Andinach;;5;0
Nico - Ride Me Five;;5;0
Markilokuras;Markigang|Marcos Barragán Rosado|Marcos Barragán;5;0
Iban García Azpiazu;;5;0
LyraGamer;Raquel Fernández|Lyra;5;0
Roc Massaguer;;5;0
Pau Clavero;;5;0
Iruñe Astitz Larunbe;Arkkuso;5;0
Carla Laubalo;Carla Palau Salvador;5;0
Kai47;;5;0
Gal·la Castelltort;;5;0
Alberto Gadel;;5;0
Fiona Amargós;;5;0
Laia Oli;;5;0
Luc Loren;Lucas Lorén|La Lucre;5;0
Isaac Parejo;InfoVlogger;5;0
Mario Brión Toucedo;;5;0
Llados;;5;0
Miguel Camarasa;;5;0
Javier Rubio Donzé;Javier Rubio;5;0
Antonio David Flores;Antonio David Flores Carrasco;5;0
Francesc Gascó Lluna;Gascó Lluna, Francisco|Pakozoico;5;0
Emilio Doménech;Nanisimo;5;0
David Calvo (Celopan);David Calvo Agea|David Calvo|Celo;5;0
Esther Galán Recuero;Esther G. Recuero;5;0
Alfonso José Carrasco Martínez;;5;0
Joaquín Méndez Alfonsín;Jordi Maquiavello;5;0
LowSpecGamer;;5;0
Esteban Ahn;;5;0
Pedro Ferrer;PlayCacao|Pedro Ferrer Lebrón|Pedro Antonio Ferrer Lebrón|Pedro Antonio Ferrer|DonPedro;5;0
ChicoGamerr;;5;0
JaviOliveira;;5;0
Bru Esteve i Bassa;;5;0
Gabriel Chachi;;5;0
Clavero;;5;0
Alecmolon;;5;0
Masi Rodríguez;María Isabel Rodríguez Ruiz;5;0
Hèctor Garcia;;5;0
Marcel Navarro Báguena;;5;0
Pedro Huertas;Pedro Huertas Sánchez;5;0
aXoZer;;5;0
OsmyReal;Osmy|Osmani Turiño de la Nuez|Osmani Turiño;5;0
Jaime Madrid Gómez;;5;0
Timba vk;Rubén Conde Rivas;5;0
El Gordito Trasmite;;5;0
Iván Martínez;;5;0
Emilio Martínez;;5;0
Hurona Rolera;;5;0
Sara Moledo;Sara Moledo Mato|BJean;5;0
Carla Clavera i Buch;;5;0
Aitor Muñoz;;5;0
Where is Leto;Lorena Leto|La de la Coleta;5;0
Bonbon Reich;;5;0
Carla Doyle;;5;0
Ada Sweet;;5;0
xCry;Cry;5;0
Vladimir Sánchez Gonzaga;Vladimir Sánchez|Vladimir Pablo Sánchez Gonzaga;5;0
Rocío Torrejón;;5;0
Fargan;xFaRgAnx|David Alonso Romero;5;0
Luis Miguel Gil;Advystyles|Guitar;5;0
"Jorge Ibáñez ""Champe""";Jorge Ibáñez|Champe;5;0
Anna Ortiz;annappleaday_|Anna Ortiz (Annappleaday);5;0
El Cromas;;5;0
MikaCookies;;5;0
Guada Molina;Guadilarious|Guadalupe Molina;5;0
Elopi23;Eloy González Marañón|Elopi;5;0
