respuesta;alias;nivel;categoria_wikipedia
Nike;;1;1000000000
Adidas;;1;999999999
Puma;;1;999999998
New Balance;;1;999999997
Converse;;1;999999996
Vans;;1;999999995
Reebok;;1;999999994
Asics;;1;999999993
Skechers;;1;999999992
Jordan;Air Jordan;1;999999991
Fila;;2;1000000000
Kappa;;2;999999999
Joma;;2;999999998
Munich;;2;999999997
Victoria;;2;999999996
Under Armour;;2;999999995
Salomon;;2;999999994
Hoka;Hoka One One;2;999999993
On;On Running;2;999999992
Le Coq Sportif;;2;999999991
Diadora;;2;999999990
Umbro;;2;999999989
Mizuno;;2;999999988
Saucony;;2;999999987
Brooks;;2;999999986
Superga;;2;999999985
DC;DC Shoes;2;999999984
Veja;;2;999999983
Lacoste;;2;999999982
Champion;;2;999999981
Kelme;;2;999999980
J'hayber;;2;999999979
Paredes;;2;999999978
Yumas;;2;999999977
Mustang;;2;999999976
Timberland;;2;999999975
The North Face;;2;999999974
Golden Goose;;2;999999973
Onitsuka Tiger;;2;999999972
Karhu;;2;999999971
Ellesse;;2;999999970
Lotto;;2;999999969
Hummel;;2;999999968
Merrell;;2;999999967
Columbia;;2;999999966
Quechua;;2;999999965
Kalenji;;2;999999964
Kipsta;;2;999999963
Decathlon;;2;999999962
Pony;;3;1000000000
K-Swiss;;3;999999999
British Knights;;3;999999998
LA Gear;;3;999999997
Etnies;;3;999999996
Globe;;3;999999995
Osiris;;3;999999994
éS;;3;999999993
Emerica;;3;999999992
Supra;;3;999999991
Common Projects;;3;999999990
Yeezy;;3;999999989
Balenciaga;;3;999999988
Gucci;;3;999999987
Alexander McQueen;;3;999999986
Philippe Model;;3;999999985
Autry;;3;999999984
Altra;;3;999999981
Topo Athletic;;3;999999980
La Sportiva;;3;999999979
Scarpa;;3;999999978
Inov-8;;3;999999977
Li-Ning;;3;999999976
Anta;;3;999999975
Peak;;3;999999974
361 Degrees;;3;999999973
Xtep;;3;999999972
Spalding;;3;999999971
AND1;;3;999999970
Starter;;3;999999969
Gola;;3;999999968
Dunlop;;3;999999967
Lonsdale;;3;999999966
Slazenger;;3;999999965
Feiyue;;3;999999964
Bata;;3;999999963
Camper;;3;999999962
Pompeii;;4;999999961
Hoff;;4;999999960
Morrison;;4;999999959
Saye;;4;999999958
Flamingos Life;;4;999999957
El Ganso;;4;999999956
Hawkers;;4;999999955
Scalpers;;4;999999954
Natural World;;4;999999953
Walk in Pitas;Pitas;4;999999952
Cruyff;;4;999999951
Patrick;;4;999999950
Pantofola d'Oro;;4;999999949
Tiger;;4;999999948
Rieker;;4;999999947
Geox;;4;999999946
Clarks;;4;999999945
Dr. Martens;;4;999999944
Tommy Hilfiger;;4;999999943
Calvin Klein;;4;999999942
Levi's;;4;999999941
Pepe Jeans;;4;999999940
Ralph Lauren;;4;999999939
Hugo Boss;;4;999999938
Armani;;4;999999937
Guess;;4;999999936
Michael Kors;;4;999999935
Desigual;;4;999999934
Kawasaki;;4;999999933
Novesta;;4;999999932
Stepney Workers Club;;4;999999931
Axel Arigato;;4;999999930
Atmosphere;;4;999999929
Luanvi;;4;999999928
Rox;;4;999999927
Chiruca;;4;999999926
Bestard;;4;999999925
Boreal;;4;999999924
ABC-Mart;;4;2
Altra Running;;4;2
Anta Sports;;4;2
Athleta;;4;2
Atletica;;4;2
Avia;;4;2
List of basketball shoe;List of basketball shoe brands;4;2
Botas;;4;2
Brooks Sports;;4;2
Capelli Sport;;4;2
Cariuma;;4;2
Charly;;4;2
Chuck Taylor All-Stars;;4;2
Dunlop KT-26;;4;2
EbLens;;4;2
Erke;;4;2
Ewing Athletics;;4;2
Finta;;4;2
Foot Locker;;4;2
Heelys;;4;2
J.W. Foster and Sons;;4;2
Keds;;4;2
Legea;;4;2
Lotto Sport Italia;;4;2
Macbeth Footwear;;4;2
Mitre Sports International;;4;2
Never Surrender High-Top;;4;2
Nike Air Yeezy;;4;2
Nike Flywire;;4;2
Nike Terminator;;4;2
Nivia Sports;;4;2
Olympikus;;4;2
Ortuseight;;4;2
Panam;;4;2
Pataugas;;4;2
Penalty;;4;2
Pirma;;4;2
Poker;;4;2
Rainha;;4;2
Rykä;;4;2
SBENU;;4;2
Soap;;4;2
Spira;;4;2
Sports Performance eXtreme;;4;2
Starbury;;4;2
Tisza Cipő;;4;2
Topper;;4;2
Troop Sport;;4;2
Vibram FiveFingers;;4;2
Vivobarefoot;;4;2
Volley;;4;2
World Balance;;4;2
Xero Shoes;;4;2
A.S.O;;5;1
Abaeté;;5;1
Adidas Kampung;;5;1
Adidas Yeezy;;5;1
Airness;;5;1
Alden Shoe;Alden Shoe Company;5;1
Aldo;;5;1
Allbirds;;5;1
Allen Edmonds;;5;1
Alpinestars;;5;1
Ari Football;;5;1
Ariat;;5;1
Atoms;;5;1
Aubercy;;5;1
Baldinini;;5;1
Bally;;5;1
Banana Republic;;5;1
Bearpaw;;5;1
Belle International;;5;1
Stefano Bemer;;5;1
Bettanin & Venturi;;5;1
Birkenstock;;5;1
Bontoni;;5;1
Bucketfeet;;5;1
Caleres;;5;1
Calzaturificio fratelli soldini;;5;1
Casadei;;5;1
Cat's Paw;;5;1
Chaco;;5;1
Charles David;;5;1
Church's;;5;1
Circa;;5;1
Colchester Rubber Co.;;5;1
Cole Haan;;5;1
Columbia Montrail;;5;1
Columbia Sportswear;;5;1
Crocs;;5;1
Mohamed Dia;;5;1
Dr. Kong;;5;1
Duarig;;5;1
Dune London;;5;1
Dunlop Sport;;5;1
DVS Shoes;;5;1
ECCO;;5;1
Ed Meier;;5;1
Edward Green & Co.;;5;1
EMU Australia;;5;1
Erreà;;5;1
Falc;;5;1
Fallen Footwear;;5;1
Famolare;;5;1
FBT;;5;1
FEIT;;5;1
Fenty X Puma;;5;1
John Fluevog;;5;1
Foreva;;5;1
Givova;;5;1
Globe International;;5;1
Goldstar shoes;;5;1
Goodwill Shoe;Goodwill Shoe Company;5;1
Grand Sport;Grand Sport Group;5;1
Gravati;;5;1
Grendene;;5;1
H&M;;5;1
Hanes Australasia;;5;1
Hanwag;;5;1
Havaianas;;5;1
Herbert Levine;;5;1
Hi-Tec;;5;1
Humanic;;5;1
The Hundreds;;5;1
Hunter Boot;Hunter Boot Ltd;5;1
Hush Puppies;;5;1
Inch2;;5;1
Insolia;;5;1
Invicta;;5;1
IPath Footwear;;5;1
Irregular Choice;;5;1
Jello Shoecompany;;5;1
Jogarbola;;5;1
Johnston & Murphy;;5;1
Journeys;;5;1
KangaRoos;;5;1
Kickers;;5;1
Kinney Shoes;;5;1
Koyo Bear;;5;1
Kubba Sportswear;;5;1
Kustom;;5;1
La New;;5;1
Leder und Schuh;;5;1
Loake;;5;1
John Lobb Bootmaker;;5;1
Lugz;;5;1
Luigi Voltan;;5;1
Steve Madden;Steve Madden, Ltd.;5;1
Melville Shoe;Melville Shoe Corporation;5;1
Merooj;;5;1
Mills;;5;1
Moon Boot;;5;1
Naot;;5;1
Nocona Boots;;5;1
Vanessa Noel;;5;1
Northwave;;5;1
Oofos;;5;1
The Original Car Shoe;;5;1
Original Penguin;;5;1
Osiris Shoes;;5;1
PF Flyers;;5;1
Palladium Boots;;5;1
Paris Texas;;5;1
Pediped Footwear;;5;1
R. M. Williams;;5;1
Rainbow Cobblers;;5;1
Real United;;5;1
Red or Dead;;5;1
Reebok Ventilator;;5;1
Reef;;5;1
Rockport;;5;1
Russell & Bromley;;5;1
Samuel Hubbard Shoe;Samuel Hubbard Shoe Company;5;1
Sanders & Sanders;Sanders & Sanders Ltd.;5;1
SAS;;5;1
Sebago;;5;1
Sergio Rossi;;5;1
Sessions;;5;1
Daniella Shevel;;5;1
ShoeDazzle;;5;1
Shy;;5;1
Sidi;;5;1
Simod;;5;1
Paul Smith;;5;1
Solovair;;5;1
Sorel;;5;1
Source Vagabond Systems;;5;1
Source Sandals;;5;1
Start-rite;;5;1
Tecovas;;5;1
Thom McAn;;5;1
Tod's;;5;1
Tom Ford;;5;1
Toms Shoes;;5;1
Tredair;;5;1
Tricker's;;5;1
Troentorp Clogs;;5;1
UGG;;5;1
Unification Shoes;;5;1
United Nude;;5;1
Van Lier;;5;1
Vans Half Cab;;5;1
Veldskoen Shoes;;5;1
Veritas Bespoke;;5;1
Vibram;;5;1
Walk-Over shoes;;5;1
Warrix Sports;;5;1
Stuart Weitzman;;5;1
J. M. Weston;;5;1
Wildsmith Shoes;;5;1
Yohji Yamamoto;;5;1
Yull Shoes;;5;1
Giuseppe Zanotti;;5;1
Zara;;5;1
2Rule;;5;1
2XU;;5;1
4F;;5;1
7SABER;;5;1
'47;;5;1
A.F.C.A;;5;1
AB Sport;;5;1
Acerbis;;5;1
Admiral Sportswear;;5;1
AFA Sports;;5;1
Affliction Clothing;;5;1
Alanic;;5;1
Alnasser;;5;1
Alo Yoga;;5;1
AlphaTauri;;5;1
Alpine Pro;;5;1
Arena;;5;1
Aritzia;;5;1
Ashworth;;5;1
ATAK Sportswear;;5;1
Athletic DNA;;5;1
Audimas;;5;1
AussieBum;;5;1
Babolat;;5;1
Bad Boy;;5;1
Bauerfeind;;5;1
Beyond Yoga;;5;1
Big 5 Sporting Goods;;5;1
Big Baller;Big Baller Brand;5;1
Big Dog;;5;1
Bigface;;5;1
BIKE Athletic;BIKE Athletic Company;5;1
Dirk Bikkembergs;;5;1
Billabong;;5;1
Björn Borg;;5;1
BLK;;5;1
BodyRock Sport;;5;1
Boxa;;5;1
Boxeur Des Rues;;5;1
Brine;;5;1
British Cricket Balls;British Cricket Balls Ltd;5;1
Bukta;;5;1
Burley-Sekem;;5;1
Burrda Sport;;5;1
George G. Bussey & Co.;;5;1
Butterfly;;5;1
CA Sports;;5;1
Callaway Golf;Callaway Golf Company;5;1
Canterbury of New Zealand;;5;1
Carbrini Sportswear;;5;1
Castelli;;5;1
Castore;;5;1
CCM;;5;1
Celio;;5;1
Ch'oeusu;;5;1
Champs;;5;1
Ciesse Piumini;;5;1
Cimalp;;5;1
Classic Football Shirts;;5;1
Classic Sportswear;;5;1
Colnago;;5;1
Cosco Limited;;5;1
Cotton On;Cotton On Group;5;1
Craft Sportswear;;5;1
Crons;;5;1
Curry;Curry Brand;5;1
Danskin;;5;1
De Marchi;;5;1
Delfina Sport;;5;1
Descente;;5;1
Deuter Sport;;5;1
Diapolo;;5;1
Donnay;;5;1
Dryworld;;5;1
DW Sports Fitness;;5;1
Elephant Surf;;5;1
Erigo;;5;1
Everlast;;5;1
Fabletics;;5;1
The Faction Collective;;5;1
Fairtex;;5;1
Fairtex Gym;;5;1
Ferrino;;5;1
Fi-Ta;;5;1
First Ever;;5;1
Footasylum;;5;1
Forward Sports;;5;1
Fox Racing;;5;1
FSS;;5;1
FUBU;;5;1
Fumarel;;5;1
Galvin Green;;5;1
The Game Headwear;;5;1
Gant;;5;1
Garcis;;5;1
Gaynor Minden;;5;1
Gilbert Rugby;;5;1
Globeride;;5;1
Gofere Sportswear;;5;1
Golden Breed;;5;1
Goool.de;;5;1
Gosen;;5;1
Grays International;;5;1
Grishko;;5;1
Guirenniao;;5;1
Gul;;5;1
Gunn & Moore;;5;1
Gymshark;;5;1
Haad;;5;1
Haglöfs;;5;1
Halara;;5;1
Halbro;;5;1
Head;;5;1
Hibbett Sports;;5;1
Hummel International;;5;1
Hunts County;;5;1
I Measure U;;5;1
Icarus FC;;5;1
Iconix;Iconix Brand Group;5;1
ISC;;5;1
Ivivva athletica;;5;1
Izod;;5;1
Jako;;5;1
JD Sports;;5;1
Jofa;;5;1
Jögel;;5;1
Juicy Couture;;5;1
K2 Sports;;5;1
Studio Keel;;5;1
Bernhard Kempa;;5;1
Keuka;;5;1
Kit and Ace;;5;1
Kiwami;;5;1
Kookaburra Sport;;5;1
Kosa;;5;1
KTM CTY;;5;1
Kukri Sports;;5;1
L.L.Bean;;5;1
Le Tigre;;5;1
League Collegiate Wear;;5;1
Lee Cooper;;5;1
LGR Sportswear;;5;1
Limited Edition Sportswear;;5;1
Looptworks;;5;1
Lorna Jane;;5;1
Loudmouth Golf;;5;1
Lululemon;;5;1
Macron;;5;1
Majestic Athletic;;5;1
Marathon Sports;;5;1
La Martina;;5;1
Marucci Sports;;5;1
Maverik Lacrosse;;5;1
Melanzana;;5;1
Metal Mulisha;;5;1
Meyba;;5;1
Mighty Sports Apparel;;5;1
Mikasa Sports;;5;1
Mitchell & Ness;;5;1
Molten;Molten Corporation;5;1
Moncler;;5;1
Mondetta;;5;1
Monton Sports;;5;1
Mossimo;;5;1
Mountain Hardwear;;5;1
Mr Price;Mr Price Group;5;1
Musinsa;;5;1
Musto;;5;1
N. Corah & Sons;;5;1
NAAI;;5;1
Nanque;;5;1
Napapijri;;5;1
Nautica;;5;1
Nelo;;5;1
Net World Sports;;5;1
New Era Cap;New Era Cap Company;5;1
No Fear;;5;1
Nomis;;5;1
O'Neills;;5;1
OMP Racing;;5;1
Onda;;5;1
One Way Sport;;5;1
O'Neill;;5;1
Osprey Packs;;5;1
Outdoor Voices;;5;1
Parsons Xtreme Golf;;5;1
Passenger;;5;1
Patagonia;Patagonia, Inc.;5;1
Peak Sport Products;;5;1
Penn Racquet Sports;;5;1
Ping;;5;1
Pinko;;5;1
Prana;;5;1
Presto;;5;1
Prince Sports;;5;1
Pro-Specs;;5;1
Proviz Sports;;5;1
Provogue;;5;1
Psycho Bunny;;5;1
Quick;;5;1
Rapala;;5;1
Rapha;;5;1
Rawlings;;5;1
Reflo;;5;1
Reusch;;5;1
Revgear;;5;1
Rhone;;5;1
Riddell Sports;Riddell Sports Group;5;1
Riley;;5;1
Rip Curl;;5;1
Romai Sports;;5;1
Ron Dorff;;5;1
Rooster Sailing;;5;1
Rufskin;;5;1
Russell Athletic;;5;1
Russell;Russell Brands;5;1
Rusty Australia;;5;1
Ryderwear;;5;1
Saeta;;5;1
Sanspareils Greenlands;;5;1
Santini Cycling;;5;1
Sareen Sports Industries;;5;1
Saysh;;5;1
Seafolly;;5;1
Select Sport;;5;1
Seven;;5;1
Sherrin;;5;1
Shimano;;5;1
Shoyoroll;;5;1
Signia;;5;1
Skins;;5;1
Skis Rossignol;;5;1
SLAM;;5;1
Soffe;;5;1
SPECS Sport;;5;1
Speedo;;5;1
Sperry;;5;1
Splash About International;;5;1
Sport 2000;;5;1
Sport-Saller;;5;1
Sportika;;5;1
Sports Direct;;5;1
Srixon;;5;1
State & Liberty Clothing;;5;1
Steeden;;5;1
Ström Paris;;5;1
STX;;5;1
Sugino;;5;1
Sundek;;5;1
Stuart Surridge;;5;1
Swans;;5;1
Swix;;5;1
Sergio Tacchini;;5;1
Tapout;;5;1
TaylorMade;;5;1
Tecnifibre;;5;1
Tepa Sport;;5;1
TG Sport;;5;1
Tico Sportswear;;5;1
Title Nine;;5;1
Titleist;;5;1
Tokaido;;5;1
Toti Sport;;5;1
Tovio;;5;1
TRYMAX;;5;1
Twins Special;;5;1
TYKA Sports;;5;1
TYR Sport;;5;1
Uhlsport;;5;1
UNCL;;5;1
Une Piece;;5;1
VAUDE;;5;1
Venum;;5;1
Victor;;5;1
Vision Street Wear;;5;1
Voit;;5;1
Volcano;;5;1
Volcom;;5;1
Vollebak;;5;1
Vuori;;5;1
Walon Sport;;5;1
Warrior;;5;1
Warrior Sports;;5;1
Warriors;;5;1
Watersun Swimwear;;5;1
Webb Ellis;;5;1
Wicked Weasel;;5;1
Wilier Triestina;;5;1
Wilson Sporting Goods;;5;1
XBlades;;5;1
Yokkao;;5;1
Yonex;;5;1
Zephyr Headwear;;5;1
Zoggs;;5;1
Zoke;;5;1
Zubaz;;5;1
Zuffa Boxing;;5;1
